code,task,model,accuracy,precision,recall,f1,auc,cm_tn,cm_fp,cm_fn,cm_tp,params
sh600900,分类,Logistic回归,0.4973544973544973,0.4838709677419355,0.5737704918032787,0.525,0.500042034468264,83,112,78,105,"{""C"": 0.05}"
sh600900,分类,决策树,0.5158730158730159,0.5,0.03278688524590164,0.06153846153846154,0.4976040353089533,189,6,177,6,"{""max_depth"": 3, ""min_samples_leaf"": 20}"
sh600900,分类,随机森林,0.5264550264550265,0.5144927536231884,0.3879781420765027,0.4423676012461059,0.49550231189575455,128,67,112,71,"{""max_depth"": 4, ""min_samples_leaf"": 50, ""n_estimators"": 400}"
sh600900,分类,KNN,0.5291005291005291,0.5114155251141552,0.6120218579234973,0.5572139303482587,0.5261454392601933,88,107,71,112,"{""n_neighbors"": 45, ""weights"": ""uniform""}"
sh600900,分类,SVM,0.48412698412698413,0.48412698412698413,1.0,0.6524064171122995,0.5195740507215917,0,195,0,183,"{""C"": 0.5, ""gamma"": ""scale""}"
sh600900,分类,GBDT,0.455026455026455,0.4549019607843137,0.6338797814207651,0.5296803652968036,0.4875437859044416,56,139,67,116,"{""learning_rate"": 0.05, ""max_depth"": 2, ""n_estimators"": 300}"
sh600900,分类,AdaBoost,0.4973544973544973,0.48616600790513836,0.6721311475409836,0.5642201834862385,0.49532016253327726,65,130,60,123,"{""learning_rate"": 0.3, ""n_estimators"": 300}"
sh600900,分类,XGBoost,0.48412698412698413,0.47478991596638653,0.6174863387978142,0.5368171021377672,0.5061230208771192,70,125,70,113,"{""learning_rate"": 0.03, ""max_depth"": 3, ""n_estimators"": 200}"
sh600900,分类,LightGBM,0.5052910052910053,0.4911504424778761,0.6065573770491803,0.5427872860635696,0.5143337536780159,80,115,72,111,"{""learning_rate"": 0.05, ""max_depth"": 4, ""n_estimators"": 400, ""num_leaves"": 31}"
hk00700,分类,Logistic回归,0.5252100840336135,0.5094339622641509,0.23684210526315788,0.32335329341317365,0.4930673457838144,98,26,87,27,"{""C"": 0.05}"
hk00700,分类,决策树,0.4789915966386555,0.4642857142857143,0.5701754385964912,0.5118110236220472,0.48631154499151097,49,75,49,65,"{""max_depth"": 6, ""min_samples_leaf"": 20}"
hk00700,分类,随机森林,0.5042016806722689,0.484375,0.543859649122807,0.512396694214876,0.5324702886247877,58,66,52,62,"{""max_depth"": 4, ""min_samples_leaf"": 50, ""n_estimators"": 200}"
hk00700,分类,KNN,0.542016806722689,0.5352112676056338,0.3333333333333333,0.41081081081081083,0.5207979626485568,91,33,76,38,"{""n_neighbors"": 45, ""weights"": ""uniform""}"
hk00700,分类,SVM,0.5336134453781513,0.5130434782608696,0.5175438596491229,0.5152838427947598,0.5075693265421619,68,56,55,59,"{""C"": 0.5, ""gamma"": ""scale""}"
hk00700,分类,GBDT,0.5336134453781513,0.5176470588235295,0.38596491228070173,0.44221105527638194,0.49426994906621385,83,41,70,44,"{""learning_rate"": 0.03, ""max_depth"": 3, ""n_estimators"": 150}"
hk00700,分类,AdaBoost,0.5084033613445378,0.2,0.008771929824561403,0.01680672268907563,0.4779994340690436,120,4,113,1,"{""learning_rate"": 0.3, ""n_estimators"": 150}"
hk00700,分类,XGBoost,0.48739495798319327,0.46,0.40350877192982454,0.42990654205607476,0.49957555178268254,70,54,68,46,"{""learning_rate"": 0.03, ""max_depth"": 3, ""n_estimators"": 200}"
hk00700,分类,LightGBM,0.5546218487394958,0.5444444444444444,0.4298245614035088,0.4803921568627451,0.5617572156196946,83,41,65,49,"{""learning_rate"": 0.03, ""max_depth"": 3, ""n_estimators"": 200, ""num_leaves"": 15}"
sh518880,分类,Logistic回归,0.4742268041237113,0.6463414634146342,0.2324561403508772,0.3419354838709677,0.5745339912280701,131,29,175,53,"{""C"": 0.05}"
sh518880,分类,决策树,0.4742268041237113,0.577922077922078,0.39035087719298245,0.46596858638743455,0.47630208333333335,95,65,139,89,"{""max_depth"": 6, ""min_samples_leaf"": 50}"
sh518880,分类,随机森林,0.48195876288659795,0.6194690265486725,0.30701754385964913,0.41055718475073316,0.5267269736842105,117,43,158,70,"{""max_depth"": 4, ""min_samples_leaf"": 20, ""n_estimators"": 200}"
sh518880,分类,KNN,0.5618556701030928,0.5833333333333334,0.8903508771929824,0.7048611111111112,0.4944490131578947,15,145,25,203,"{""n_neighbors"": 25, ""weights"": ""uniform""}"
sh518880,分类,SVM,0.5876288659793815,0.5876288659793815,1.0,0.7402597402597403,0.49407894736842095,0,160,0,228,"{""C"": 0.5, ""gamma"": ""scale""}"
sh518880,分类,GBDT,0.5463917525773195,0.5769230769230769,0.8552631578947368,0.6890459363957597,0.4864583333333333,17,143,33,195,"{""learning_rate"": 0.03, ""max_depth"": 3, ""n_estimators"": 150}"
sh518880,分类,AdaBoost,0.5902061855670103,0.5924932975871313,0.9692982456140351,0.7354409317803661,0.5086211622807016,8,152,7,221,"{""learning_rate"": 0.5, ""n_estimators"": 150}"
sh518880,分类,XGBoost,0.5541237113402062,0.5801749271137027,0.8728070175438597,0.6970227670753065,0.4867872807017544,16,144,29,199,"{""learning_rate"": 0.03, ""max_depth"": 3, ""n_estimators"": 200}"
sh518880,分类,LightGBM,0.5644329896907216,0.5907692307692308,0.8421052631578947,0.6943942133815552,0.5013157894736842,27,133,36,192,"{""learning_rate"": 0.03, ""max_depth"": 3, ""n_estimators"": 400, ""num_leaves"": 15}"
sh515450,分类,Logistic回归,0.5252525252525253,0.6931818181818182,0.583732057416268,0.6337662337662338,0.46014571552849065,34,54,87,122,"{""C"": 0.05}"
sh515450,分类,决策树,0.4781144781144781,0.7872340425531915,0.35406698564593303,0.4884488448844885,0.5750869943453676,68,20,135,74,"{""max_depth"": 3, ""min_samples_leaf"": 50}"
sh515450,分类,随机森林,0.4983164983164983,0.7112676056338029,0.48325358851674644,0.5754985754985755,0.49951065680730755,47,41,108,101,"{""max_depth"": 6, ""min_samples_leaf"": 50, ""n_estimators"": 400}"
sh515450,分类,KNN,0.7037037037037037,0.7037037037037037,1.0,0.8260869565217391,0.5146802957807742,0,88,0,209,"{""n_neighbors"": 45, ""weights"": ""uniform""}"
sh515450,分类,SVM,0.7037037037037037,0.7037037037037037,1.0,0.8260869565217391,0.46395171813832103,0,88,0,209,"{""C"": 0.5, ""gamma"": ""scale""}"
sh515450,分类,GBDT,0.6902356902356902,0.7096774193548387,0.9473684210526315,0.8114754098360656,0.46085254458460195,7,81,11,198,"{""learning_rate"": 0.03, ""max_depth"": 2, ""n_estimators"": 150}"
sh515450,分类,AdaBoost,0.7037037037037037,0.7037037037037037,1.0,0.8260869565217391,0.5035341452805568,0,88,0,209,"{""learning_rate"": 0.3, ""n_estimators"": 150}"
sh515450,分类,XGBoost,0.5993265993265994,0.7045454545454546,0.7416267942583732,0.7226107226107226,0.45400173988690734,23,65,54,155,"{""learning_rate"": 0.05, ""max_depth"": 3, ""n_estimators"": 400}"
sh515450,分类,LightGBM,0.5420875420875421,0.6834170854271356,0.6507177033492823,0.6666666666666666,0.43339495432796865,25,63,73,136,"{""learning_rate"": 0.03, ""max_depth"": 4, ""n_estimators"": 400, ""num_leaves"": 31}"
sz159941,分类,Logistic回归,0.5798969072164949,0.7077625570776256,0.610236220472441,0.6553911205073996,0.6046245152191797,70,64,99,155,"{""C"": 0.05}"
sz159941,分类,决策树,0.5644329896907216,0.6591760299625468,0.6929133858267716,0.6756238003838771,0.49499059819015157,43,91,78,176,"{""max_depth"": 3, ""min_samples_leaf"": 20}"
sz159941,分类,随机森林,0.5747422680412371,0.7031963470319634,0.6062992125984252,0.6511627906976745,0.5795334351862733,69,65,100,154,"{""max_depth"": 8, ""min_samples_leaf"": 20, ""n_estimators"": 400}"
sz159941,分类,KNN,0.654639175257732,0.654639175257732,1.0,0.7912772585669782,0.5763015630508873,0,134,0,254,"{""n_neighbors"": 45, ""weights"": ""distance""}"
sz159941,分类,SVM,0.654639175257732,0.654639175257732,1.0,0.7912772585669782,0.6088259489951816,0,134,0,254,"{""C"": 0.5, ""gamma"": 0.05}"
sz159941,分类,GBDT,0.654639175257732,0.654639175257732,1.0,0.7912772585669782,0.5332589023387002,0,134,0,254,"{""learning_rate"": 0.03, ""max_depth"": 2, ""n_estimators"": 150}"
sz159941,分类,AdaBoost,0.654639175257732,0.654639175257732,1.0,0.7912772585669782,0.5347426254554002,0,134,0,254,"{""learning_rate"": 0.5, ""n_estimators"": 150}"
sz159941,分类,XGBoost,0.6649484536082474,0.662303664921466,0.9960629921259843,0.7955974842767296,0.5620225643436361,5,129,1,253,"{""learning_rate"": 0.03, ""max_depth"": 3, ""n_estimators"": 200}"
sz159941,分类,LightGBM,0.6572164948453608,0.6579634464751958,0.9921259842519685,0.7912087912087912,0.5785344928898812,3,131,2,252,"{""learning_rate"": 0.03, ""max_depth"": 3, ""n_estimators"": 200, ""num_leaves"": 15}"
sh588000,分类,Logistic回归,0.46946564885496184,0.6391752577319587,0.37349397590361444,0.4714828897338403,0.5533383534136547,61,35,104,62,"{""C"": 1.0}"
sh588000,分类,决策树,0.48091603053435117,0.6119402985074627,0.4939759036144578,0.5466666666666666,0.48707329317269077,44,52,84,82,"{""max_depth"": 4, ""min_samples_leaf"": 50}"
sh588000,分类,随机森林,0.4847328244274809,0.6867469879518072,0.3433734939759036,0.4578313253012048,0.5338855421686748,70,26,109,57,"{""max_depth"": 4, ""min_samples_leaf"": 50, ""n_estimators"": 200}"
sh588000,分类,KNN,0.583969465648855,0.6376811594202898,0.7951807228915663,0.707774798927614,0.5066829819277108,21,75,34,132,"{""n_neighbors"": 25, ""weights"": ""uniform""}"
sh588000,分类,SVM,0.6335877862595419,0.6335877862595419,1.0,0.7757009345794392,0.5162525100401606,0,96,0,166,"{""C"": 1.0, ""gamma"": ""scale""}"
sh588000,分类,GBDT,0.5610687022900763,0.6457142857142857,0.6807228915662651,0.6627565982404692,0.49240712851405616,34,62,53,113,"{""learning_rate"": 0.05, ""max_depth"": 3, ""n_estimators"": 300}"
sh588000,分类,AdaBoost,0.6374045801526718,0.6448979591836734,0.9518072289156626,0.7688564476885644,0.5335090361445782,9,87,8,158,"{""learning_rate"": 0.5, ""n_estimators"": 300}"
sh588000,分类,XGBoost,0.5381679389312977,0.6271186440677966,0.6686746987951807,0.6472303206997084,0.4971762048192771,30,66,55,111,"{""learning_rate"": 0.03, ""max_depth"": 3, ""n_estimators"": 400}"
sh588000,分类,LightGBM,0.5458015267175572,0.6342857142857142,0.6686746987951807,0.6510263929618768,0.5142444779116466,32,64,55,111,"{""learning_rate"": 0.05, ""max_depth"": 4, ""n_estimators"": 200, ""num_leaves"": 15}"
sh510300,分类,Logistic回归,0.4948453608247423,0.6079545454545454,0.45726495726495725,0.5219512195121951,0.5071872571872572,85,69,127,107,"{""C"": 0.05}"
sh510300,分类,决策树,0.5,0.6265822784810127,0.4230769230769231,0.5051020408163265,0.503968253968254,95,59,135,99,"{""max_depth"": 6, ""min_samples_leaf"": 20}"
sh510300,分类,随机森林,0.43556701030927836,0.5418994413407822,0.41452991452991456,0.46973365617433416,0.4472194472194472,72,82,137,97,"{""max_depth"": 8, ""min_samples_leaf"": 50, ""n_estimators"": 200}"
sh510300,分类,KNN,0.5618556701030928,0.6194029850746269,0.7094017094017094,0.6613545816733067,0.5072288822288823,52,102,68,166,"{""n_neighbors"": 25, ""weights"": ""uniform""}"
sh510300,分类,SVM,0.6005154639175257,0.6025974025974026,0.9914529914529915,0.7495961227786753,0.4722222222222222,1,153,2,232,"{""C"": 1.0, ""gamma"": 0.05}"
sh510300,分类,GBDT,0.45618556701030927,0.5534883720930233,0.5085470085470085,0.5300668151447662,0.45093795093795097,58,96,115,119,"{""learning_rate"": 0.03, ""max_depth"": 3, ""n_estimators"": 300}"
sh510300,分类,AdaBoost,0.5463917525773195,0.5878787878787879,0.8290598290598291,0.6879432624113475,0.45014707514707514,18,136,40,194,"{""learning_rate"": 0.5, ""n_estimators"": 300}"
sh510300,分类,XGBoost,0.5412371134020618,0.6320754716981132,0.5726495726495726,0.600896860986547,0.5318015318015318,76,78,100,134,"{""learning_rate"": 0.05, ""max_depth"": 4, ""n_estimators"": 200}"
sh510300,分类,LightGBM,0.49226804123711343,0.5755102040816327,0.6025641025641025,0.5887265135699373,0.4659229659229659,50,104,93,141,"{""learning_rate"": 0.03, ""max_depth"": 3, ""n_estimators"": 200, ""num_leaves"": 15}"
sh510500,分类,Logistic回归,0.5,0.5804597701149425,0.45495495495495497,0.51010101010101,0.496445240421144,93,73,121,101,"{""C"": 0.05}"
sh510500,分类,决策树,0.538659793814433,0.5733788395904437,0.7567567567567568,0.6524271844660194,0.5083848909150114,41,125,54,168,"{""max_depth"": 3, ""min_samples_leaf"": 50}"
sh510500,分类,随机森林,0.5257731958762887,0.584070796460177,0.5945945945945946,0.5892857142857143,0.5100944317811789,72,94,90,132,"{""max_depth"": 4, ""min_samples_leaf"": 50, ""n_estimators"": 400}"
sh510500,分类,KNN,0.5309278350515464,0.5775193798449613,0.6711711711711712,0.6208333333333333,0.4913166178226419,57,109,73,149,"{""n_neighbors"": 15, ""weights"": ""distance""}"
sh510500,分类,SVM,0.5721649484536082,0.5721649484536082,1.0,0.7278688524590164,0.5173124932161077,0,166,0,222,"{""C"": 0.5, ""gamma"": ""scale""}"
sh510500,分类,GBDT,0.5335051546391752,0.569023569023569,0.7612612612612613,0.651252408477842,0.5074080104200586,38,128,53,169,"{""learning_rate"": 0.05, ""max_depth"": 2, ""n_estimators"": 150}"
sh510500,分类,AdaBoost,0.5670103092783505,0.576271186440678,0.918918918918919,0.7083333333333334,0.47956691631390436,16,150,18,204,"{""learning_rate"": 0.3, ""n_estimators"": 150}"
sh510500,分类,XGBoost,0.5283505154639175,0.5906976744186047,0.5720720720720721,0.5812356979405034,0.5082220774991859,78,88,95,127,"{""learning_rate"": 0.05, ""max_depth"": 4, ""n_estimators"": 400}"
sh510500,分类,LightGBM,0.5283505154639175,0.5874439461883408,0.5900900900900901,0.5887640449438202,0.5125637685878649,74,92,91,131,"{""learning_rate"": 0.05, ""max_depth"": 4, ""n_estimators"": 400, ""num_leaves"": 31}"
