,count,mean,std,min,25%,50%,75%,max,skew,kurt
mom_1,1939.0,0.0006582477698765661,0.010448913663876094,-0.09990917347865569,-0.0036101083032491488,0.0,0.005319148936170137,0.054964539007092306,-1.0086492501247766,13.166014852424727
mom_3,1939.0,0.001961321411782496,0.01743120965282594,-0.15739868049010364,-0.005442186944674798,0.0021551724137931494,0.010109526972933436,0.08974358974358987,-0.7618485009849156,8.820163897659144
mom_5,1939.0,0.003237087758660009,0.0224061087362157,-0.16135084427767366,-0.007087175778032251,0.0027624309392264568,0.01336907953529931,0.15087040618955516,-0.16718488777659343,5.9816722579451955
mom_10,1939.0,0.006428465011745102,0.030191156196380253,-0.17755289788408457,-0.00844932191291936,0.005115089514066584,0.019629249079544553,0.2056737588652484,0.37950667783111547,4.793665271693099
mom_20,1939.0,0.013056168357076204,0.041421010759391835,-0.15500945179584125,-0.009070341423282613,0.00877192982456143,0.03291641321978911,0.2713675213675215,0.4082298635376491,2.616603648964031
mom_60,1939.0,0.0418937261597354,0.07311305395852247,-0.21203703703703713,-0.003865684273410608,0.03409090909090895,0.07978628926259856,0.3615560640732265,0.3905547233707805,0.8251314943216186
logret_1,1939.0,0.000603108669712515,0.010505544390882433,-0.10525960239269189,-0.0036166404701885504,0.0,0.005305052229693098,0.05350715404757096,-1.2421075204354055,14.920268074038177
logret_5,1939.0,0.002981396510917145,0.022421113206007495,-0.17596282955227585,-0.007112409113757967,0.0027586224390796607,0.013280501362896331,0.14051853103720066,-0.4417240814605961,6.576159881822765
ma_bias_5,1939.0,0.001221732922642862,0.011063344123800101,-0.10991636798087326,-0.003558810841797822,0.0013748854262142193,0.006041069485360365,0.06918238993710082,-0.9583739219238554,12.314454188133487
ma_bias_10,1939.0,0.0027404647569217594,0.016462923216744762,-0.1449067431850651,-0.004754638376204134,0.0025380710659891493,0.009706171000450294,0.1192626034612379,-0.15992659252279653,8.1970391713284
ma_bias_20,1939.0,0.005842929165217816,0.02338528340455468,-0.16705487748065162,-0.005810200129114193,0.004449238236483202,0.016504763034431304,0.17426485099662775,0.2925894000711801,6.457378527541463
ma_bias_60,1939.0,0.019049966962028403,0.04129747325817288,-0.13405656722199402,-0.003957881625040243,0.01443909663087216,0.03928658260920226,0.25664402126084096,0.5590666615711092,2.3697522349307447
ma5_ma20,1939.0,0.004568804774568493,0.01806661453436975,-0.1030221753916275,-0.004091284968739672,0.003381014304030261,0.012756054657982796,0.09828300769675358,0.15225848280061619,4.856124071173909
ma10_ma60,1939.0,0.016139545148170745,0.033942781507432795,-0.0956871397054555,-0.002626319615622985,0.011865395837149295,0.03433820051942915,0.15243864098411453,0.45787361006727123,1.3628889906517148
vol_5,1939.0,0.00829445943754118,0.006515406992929599,0.0,0.004511075023234245,0.006776240286997173,0.010019751206977918,0.07580258150303579,3.948256494844879,27.525489968641693
vol_10,1939.0,0.008684743763951536,0.005941020264749006,0.0011843736554937416,0.005295007512478318,0.0072320758049005205,0.010218316045713827,0.0543874187615062,3.34692649161413,17.68940569353648
vol_20,1939.0,0.008916608435993052,0.005437756362572144,0.0023697906058326177,0.005795312562858229,0.007454803468609296,0.010486486029110705,0.04035365493071984,2.701892987543252,10.032885290690146
atr_14,1939.0,0.009480458846281264,0.004773834796733646,0.002888574452769679,0.006272092758257039,0.00841016959797652,0.011228503036504854,0.03685487786213167,1.9378118683501113,5.32453409626609
hl_range,1939.0,0.005909050686970989,0.005592003711550437,0.0,0.0027855153203334266,0.005037783375313597,0.007042253521125527,0.1120218579234667,6.58122844445926,87.66487308907381
hl_range_ma5,1939.0,0.005901389171810303,0.003942726707880259,0.000701754385964651,0.003553504783706619,0.004822877630920267,0.007002943294435953,0.03738872318873503,3.09593344827105,14.520089964846804
vol_chg_1,1939.0,0.05533060298093441,0.36178508208890536,-0.7178946289964463,-0.19430546053682668,-0.005439873531965622,0.22907162343246135,2.8781069659132084,1.3933642701425828,4.237166853971967
vol_ratio_5,1939.0,1.0032567199848954,0.24438554115269306,0.4620793871912102,0.8391214044446998,0.973980823811686,1.137016426281869,2.32670203191777,0.848982065479952,1.6433574814651633
vol_ratio_20,1939.0,1.011699784005034,0.35536382603542993,0.32948975501715333,0.7744474716324914,0.9608262983985723,1.1751644469625466,3.437871903950976,1.6131968814579212,5.482959319191327
pv_corr_20,1939.0,0.040364821852254325,0.2946244412103229,-0.7809946102703413,-0.15219904275426366,0.05745769043385925,0.23130801898230535,0.8123839926416577,-0.21943119189718052,-0.2181106761070395
rsi_6,1939.0,55.18139523894818,17.73441481390632,1.9656466545528133,43.27307969252807,55.1785658590782,67.31762934097117,97.24065930516514,-0.03179534940448793,-0.3208692012374219
rsi_14,1939.0,54.948773079034865,11.685922170065378,15.977028425467338,47.55828301527532,54.281510764931426,61.70914496293855,90.7571688879147,0.18584473129060816,0.28858464305247633
macd_dif,1939.0,0.004038678486577985,0.01007860932636408,-0.034828173082190314,-0.000932777370402716,0.003111812919517743,0.009205821525540264,0.044984872367640226,0.08897539697561116,2.160244797615627
macd_dea,1939.0,0.004087475753153042,0.009371133187435623,-0.031147747074718127,-0.0005971456156606233,0.0032312723130386357,0.009094359058559437,0.03935797460996826,0.13145751499892966,1.619567861801587
macd_hist,1939.0,-9.759453315011497e-05,0.006171897787645461,-0.04783557249109271,-0.003000129582851927,0.00023281435992311033,0.003121983885738335,0.02816043248110483,-1.079904523347763,7.143307875469917
kdj_k,1939.0,56.136629946709725,23.842923375016362,5.1533178484430255,34.98038649432522,58.49799393090312,76.94216561536282,96.48694232026293,-0.22010971163989534,-1.1681303872491149
kdj_d,1939.0,56.16082004846715,20.550993987565132,8.413784879415708,39.90853241244071,57.30355380291357,73.6045203574303,94.04355915285754,-0.18626607705522788,-0.9979015245686682
kdj_j,1939.0,56.08824974319487,38.00921174129605,-27.026472111827317,21.50146318877902,61.27612843882454,89.71552670084675,124.81185684986826,-0.24347922030181995,-1.2068639792068108
boll_pctb,1939.0,0.589860879916714,0.3129124165853492,-0.3933135898851678,0.3613338225593782,0.6108727280590769,0.8240028133138282,1.4274609227821395,-0.24514193731764786,-0.4086316334050033
boll_width,1939.0,0.05972166208810491,0.042070763860300106,0.01181442277043044,0.03039656266961542,0.04850938121011012,0.07392738025246481,0.2789820968317814,2.0329887372416877,5.5160356041910035
pos_20,1939.0,0.5951706159589635,0.33343394541333055,0.0,0.3181818181803725,0.6382978723390674,0.9166666666620844,0.9999999999996153,-0.33056327828068005,-1.1892567451599325
pos_60,1939.0,0.6399650769300198,0.2875054063388779,0.0,0.42592592592513795,0.6808510638283389,0.888888888887635,0.9999999999996865,-0.5147964626324862,-0.7688379324552086
overnight,1939.0,0.0007106627288751216,0.009225966386979817,-0.09990917347873751,-0.0027548209369138155,-2.3148150063434514e-13,0.004206103493923585,0.0628742514966878,-0.5462681799388948,13.00580540009894
intraday,1939.0,-5.371420166342851e-05,0.004665076340379184,-0.05795574288734906,-0.002528449047688619,-2.632338791386246e-13,0.0025380710657354477,0.02777777777767576,-1.6882979264515263,18.824046441424468
