code,task,model,rmse,mae,r2,dir_acc,params
sh600900,回归,线性回归,0.008639006494538788,0.006775880151504944,-0.13988312717274543,0.4656084656084656,{}
sh600900,回归,Ridge回归,0.008481178302054058,0.0066262670094448875,-0.09861395520687366,0.4894179894179894,"{""alpha"": 50.0}"
sh600900,回归,决策树,0.010254570813267134,0.007585774114806482,-0.6060819493408738,0.4656084656084656,"{""max_depth"": 3, ""min_samples_leaf"": 20}"
sh600900,回归,随机森林,0.008106830205810739,0.006228894262215347,-0.0037715405422900083,0.47883597883597884,"{""max_depth"": 4, ""min_samples_leaf"": 50, ""n_estimators"": 200}"
sh600900,回归,KNN,0.008624122823033546,0.006627401182612715,-0.13595882605353737,0.48148148148148145,"{""n_neighbors"": 45, ""weights"": ""uniform""}"
sh600900,回归,GBDT,0.01058639453709039,0.00752431828105097,-0.7117048253000391,0.4656084656084656,"{""learning_rate"": 0.03, ""max_depth"": 2, ""n_estimators"": 150}"
sh600900,回归,XGBoost,0.017320981288939656,0.010217809118750091,-3.582238704007315,0.48677248677248675,"{""learning_rate"": 0.03, ""max_depth"": 3, ""n_estimators"": 200}"
sh600900,回归,LightGBM,0.009247475345532953,0.007088464309858918,-0.30610799667182054,0.455026455026455,"{""learning_rate"": 0.03, ""max_depth"": 3, ""n_estimators"": 200, ""num_leaves"": 15}"
hk00700,回归,线性回归,0.020738170642322674,0.01564477499675625,-0.10010293745769494,0.46218487394957986,{}
hk00700,回归,Ridge回归,0.02031509978194873,0.014845198342283572,-0.05567529065454924,0.5504201680672269,"{""alpha"": 50.0}"
hk00700,回归,决策树,0.020309730679173986,0.015139409617187086,-0.0551173529443818,0.5336134453781513,"{""max_depth"": 3, ""min_samples_leaf"": 50}"
hk00700,回归,随机森林,0.019684783182119865,0.014569886994192276,0.008817311796039728,0.5336134453781513,"{""max_depth"": 4, ""min_samples_leaf"": 50, ""n_estimators"": 400}"
hk00700,回归,KNN,0.020017515314224566,0.014970829475412497,-0.024973827144147753,0.5126050420168067,"{""n_neighbors"": 45, ""weights"": ""uniform""}"
hk00700,回归,GBDT,0.01979914979854983,0.014624803907724528,-0.00273348956962316,0.5210084033613446,"{""learning_rate"": 0.03, ""max_depth"": 2, ""n_estimators"": 150}"
hk00700,回归,XGBoost,0.019586968192223313,0.014537791078215049,0.018643342591818324,0.5504201680672269,"{""learning_rate"": 0.03, ""max_depth"": 3, ""n_estimators"": 200}"
hk00700,回归,LightGBM,0.020400177158102068,0.015194708101801993,-0.06453590669450837,0.4957983193277311,"{""learning_rate"": 0.03, ""max_depth"": 3, ""n_estimators"": 200, ""num_leaves"": 15}"
sh518880,回归,线性回归,0.01616252410276915,0.010520449684403833,0.0022674816279443233,0.5154639175257731,{}
sh518880,回归,Ridge回归,0.01608671401464801,0.010396033363786486,0.011605231070397792,0.5128865979381443,"{""alpha"": 50.0}"
sh518880,回归,决策树,0.01648765350207934,0.010591380685297839,-0.03827754086546409,0.5051546391752577,"{""max_depth"": 3, ""min_samples_leaf"": 50}"
sh518880,回归,随机森林,0.016174029362007167,0.010357732561205476,0.0008465084045564675,0.5335051546391752,"{""max_depth"": 4, ""min_samples_leaf"": 50, ""n_estimators"": 400}"
sh518880,回归,KNN,0.016068474130969894,0.01024241500537831,0.013845338649509098,0.5438144329896907,"{""n_neighbors"": 45, ""weights"": ""uniform""}"
sh518880,回归,GBDT,0.01713409768647027,0.01092332613533105,-0.12129073384757216,0.5360824742268041,"{""learning_rate"": 0.03, ""max_depth"": 2, ""n_estimators"": 150}"
sh518880,回归,XGBoost,0.016322876988351498,0.010575700245930991,-0.0176282891558448,0.5567010309278351,"{""learning_rate"": 0.03, ""max_depth"": 3, ""n_estimators"": 200}"
sh518880,回归,LightGBM,0.01617915128257127,0.010501718663763218,0.00021359312934843278,0.5489690721649485,"{""learning_rate"": 0.03, ""max_depth"": 3, ""n_estimators"": 200, ""num_leaves"": 15}"
sh515450,回归,线性回归,0.007832909509106152,0.006006977244168917,-0.10346905405636564,0.48148148148148145,{}
sh515450,回归,Ridge回归,0.007650357176407765,0.00577976616380361,-0.05263392615155249,0.4276094276094276,"{""alpha"": 50.0}"
sh515450,回归,决策树,0.007516960499885913,0.005433050236442761,-0.016245126300304946,0.2962962962962963,"{""max_depth"": 3, ""min_samples_leaf"": 50}"
sh515450,回归,随机森林,0.0074436345873864895,0.005487926920516459,0.0034845647487584674,0.5387205387205387,"{""max_depth"": 4, ""min_samples_leaf"": 50, ""n_estimators"": 400}"
sh515450,回归,KNN,0.007556268657197507,0.005713066319201919,-0.02690134013492207,0.569023569023569,"{""n_neighbors"": 45, ""weights"": ""distance""}"
sh515450,回归,GBDT,0.0074708286788930075,0.005510233218783189,-0.0038099452343480777,0.4006734006734007,"{""learning_rate"": 0.03, ""max_depth"": 2, ""n_estimators"": 150}"
sh515450,回归,XGBoost,0.007766631754026453,0.005895877824530452,-0.08487416649537116,0.5723905723905723,"{""learning_rate"": 0.03, ""max_depth"": 3, ""n_estimators"": 200}"
sh515450,回归,LightGBM,0.007754479498621192,0.005949173944590225,-0.08148187127848283,0.5387205387205387,"{""learning_rate"": 0.03, ""max_depth"": 4, ""n_estimators"": 200, ""num_leaves"": 15}"
sz159941,回归,线性回归,0.015715328150162966,0.010807832610698082,0.002045653752200449,0.5231958762886598,{}
sz159941,回归,Ridge回归,0.01559969010663719,0.010742891576748202,0.01667810785670476,0.5283505154639175,"{""alpha"": 50.0}"
sz159941,回归,决策树,0.015970873421837218,0.010853967163560827,-0.030673479949882232,0.4020618556701031,"{""max_depth"": 3, ""min_samples_leaf"": 50}"
sz159941,回归,随机森林,0.01569550498493524,0.010717356764369782,0.0045616861132339315,0.44072164948453607,"{""max_depth"": 4, ""min_samples_leaf"": 50, ""n_estimators"": 200}"
sz159941,回归,KNN,0.015862714955251024,0.011059732713031862,-0.01676082917566557,0.4484536082474227,"{""n_neighbors"": 45, ""weights"": ""uniform""}"
sz159941,回归,GBDT,0.015538427722003569,0.010665585634456236,0.024386255444594385,0.4484536082474227,"{""learning_rate"": 0.03, ""max_depth"": 2, ""n_estimators"": 150}"
sz159941,回归,XGBoost,0.01571313839824906,0.010819849827340144,0.002323741511157995,0.47164948453608246,"{""learning_rate"": 0.03, ""max_depth"": 3, ""n_estimators"": 200}"
sz159941,回归,LightGBM,0.01571047202658682,0.010832421446263282,0.002662305320999203,0.4381443298969072,"{""learning_rate"": 0.03, ""max_depth"": 3, ""n_estimators"": 200, ""num_leaves"": 15}"
sh588000,回归,线性回归,0.02564197661985496,0.01848888259512406,-0.23739910490645721,0.5152671755725191,{}
sh588000,回归,Ridge回归,0.02396053487224208,0.017572650075061376,-0.08043791214800211,0.4847328244274809,"{""alpha"": 50.0}"
sh588000,回归,决策树,0.02453069266395155,0.018154554727488083,-0.13246925562616085,0.5305343511450382,"{""max_depth"": 4, ""min_samples_leaf"": 50}"
sh588000,回归,随机森林,0.023003891161258807,0.016912454628998198,0.0041145069680395,0.583969465648855,"{""max_depth"": 8, ""min_samples_leaf"": 50, ""n_estimators"": 200}"
sh588000,回归,KNN,0.02357272137136734,0.01749477417604026,-0.04574607586013846,0.5419847328244275,"{""n_neighbors"": 45, ""weights"": ""distance""}"
sh588000,回归,GBDT,0.025405753904404742,0.017644287504769787,-0.21470542659321334,0.583969465648855,"{""learning_rate"": 0.03, ""max_depth"": 2, ""n_estimators"": 150}"
sh588000,回归,XGBoost,0.02397331984359403,0.017477099207237563,-0.0815912297285899,0.5534351145038168,"{""learning_rate"": 0.03, ""max_depth"": 3, ""n_estimators"": 200}"
sh588000,回归,LightGBM,0.024706619370596948,0.01792643094464564,-0.1487709559973307,0.5534351145038168,"{""learning_rate"": 0.03, ""max_depth"": 3, ""n_estimators"": 200, ""num_leaves"": 15}"
sh510300,回归,线性回归,0.01068589268007905,0.0076882108506231926,-0.06714223497753302,0.4948453608247423,{}
sh510300,回归,Ridge回归,0.010567499398094433,0.007626788473857559,-0.04362663812478007,0.4896907216494845,"{""alpha"": 50.0}"
sh510300,回归,决策树,0.010644461801303767,0.007682224731823221,-0.058883321617650974,0.5051546391752577,"{""max_depth"": 3, ""min_samples_leaf"": 50}"
sh510300,回归,随机森林,0.010401777966633786,0.007439589007953968,-0.011150615714244916,0.5077319587628866,"{""max_depth"": 4, ""min_samples_leaf"": 20, ""n_estimators"": 400}"
sh510300,回归,KNN,0.010571634807108201,0.007620675659594781,-0.04444360859342589,0.5231958762886598,"{""n_neighbors"": 25, ""weights"": ""distance""}"
sh510300,回归,GBDT,0.010758371869137114,0.007595902489779518,-0.08166753708988139,0.5051546391752577,"{""learning_rate"": 0.03, ""max_depth"": 2, ""n_estimators"": 150}"
sh510300,回归,XGBoost,0.010703063854605779,0.007650005153892718,-0.07057457490623542,0.49742268041237114,"{""learning_rate"": 0.03, ""max_depth"": 3, ""n_estimators"": 200}"
sh510300,回归,LightGBM,0.010620992673244782,0.007572461398705791,-0.05421917369453233,0.5,"{""learning_rate"": 0.03, ""max_depth"": 3, ""n_estimators"": 200, ""num_leaves"": 15}"
sh510500,回归,线性回归,0.014469736225956936,0.010900712534828287,-0.04324816860721792,0.4639175257731959,{}
sh510500,回归,Ridge回归,0.014281989565005463,0.010652263268350184,-0.016351249169249016,0.4845360824742268,"{""alpha"": 50.0}"
sh510500,回归,决策树,0.014388084185032011,0.010810510577820358,-0.031507387982753654,0.4948453608247423,"{""max_depth"": 3, ""min_samples_leaf"": 50}"
sh510500,回归,随机森林,0.014229887277810006,0.010559220611755123,-0.008949250591532731,0.48711340206185566,"{""max_depth"": 4, ""min_samples_leaf"": 50, ""n_estimators"": 400}"
sh510500,回归,KNN,0.014341835065785144,0.0105680381422088,-0.0248866824186309,0.4845360824742268,"{""n_neighbors"": 45, ""weights"": ""uniform""}"
sh510500,回归,GBDT,0.014369132225968117,0.01057302275247652,-0.028791778242181376,0.5,"{""learning_rate"": 0.03, ""max_depth"": 2, ""n_estimators"": 150}"
sh510500,回归,XGBoost,0.014507522641247786,0.01068204396445562,-0.048703980602907704,0.5051546391752577,"{""learning_rate"": 0.03, ""max_depth"": 3, ""n_estimators"": 200}"
sh510500,回归,LightGBM,0.014535046192840432,0.010795468722020016,-0.052686940224033973,0.5128865979381443,"{""learning_rate"": 0.03, ""max_depth"": 3, ""n_estimators"": 200, ""num_leaves"": 15}"
