date,open,high,low,close,volume
2018-04-27,4.4,4.41,4.33,4.41,522035.0
2018-05-02,4.45,4.46,4.36,4.42,841155.0
2018-05-03,4.4,4.48,4.39,4.46,601301.0
2018-05-04,4.46,4.51,4.46,4.48,492141.0
2018-05-07,4.49,4.55,4.46,4.51,558863.0
2018-05-08,4.51,4.58,4.49,4.57,559206.0
2018-05-09,4.58,4.59,4.54,4.59,432101.0
2018-05-10,4.6,4.62,4.56,4.59,467103.0
2018-05-11,4.61,4.61,4.56,4.58,381455.0
2018-05-14,4.59,4.65,4.58,4.6,538276.0
2018-05-15,4.6,4.61,4.54,4.57,457514.0
2018-05-16,4.55,4.56,4.49,4.5,452342.0
2018-05-17,4.5,4.53,4.48,4.5,391865.0
2018-05-18,4.5,4.57,4.49,4.57,566806.0
2018-05-21,4.59,4.62,4.58,4.59,554982.0
2018-05-22,4.6,4.61,4.51,4.54,657490.0
2018-05-23,4.53,4.53,4.46,4.46,614881.0
2018-05-24,4.46,4.52,4.45,4.48,426860.0
2018-05-25,4.5,4.51,4.44,4.46,310071.0
2018-05-28,4.46,4.51,4.44,4.48,472367.0
2018-05-29,4.46,4.5,4.42,4.45,418316.0
2018-05-30,4.4,4.45,4.31,4.31,510088.0
2018-05-31,4.35,4.4,4.33,4.36,711044.0
2018-06-01,4.37,4.42,4.34,4.4,392189.0
2018-06-04,4.42,4.46,4.38,4.41,0.0
2018-06-05,4.41,4.41,4.35,4.38,0.0
2018-06-06,4.37,4.38,4.34,4.35,346029.0
2018-06-07,4.36,4.37,4.33,4.35,549714.0
2018-06-08,4.35,4.36,4.21,4.23,736720.0
2018-06-11,4.21,4.23,4.16,4.22,535061.0
2018-06-12,4.21,4.22,4.17,4.2,417527.0
2018-06-13,4.17,4.19,4.14,4.15,379944.0
2018-06-14,4.12,4.19,4.12,4.17,450066.0
2018-06-15,4.16,4.22,4.16,4.18,469465.0
2018-06-19,4.12,4.16,3.94,4.01,976585.0
2018-06-20,4.0,4.1,3.97,4.06,506148.0
2018-06-21,4.05,4.09,4.0,4.01,420136.0
2018-06-22,4.01,4.02,3.97,4.01,440501.0
2018-06-25,4.03,4.04,3.9,3.9,449606.0
2018-06-26,3.89,3.9,3.76,3.84,607822.0
2018-06-27,3.81,3.86,3.69,3.71,708345.0
2018-06-28,3.67,3.76,3.67,3.75,644364.0
2018-06-29,3.76,3.81,3.73,3.81,586589.0
2018-07-02,3.8,3.8,3.61,3.65,597754.0
2018-07-03,3.66,3.71,3.61,3.7,650075.0
2018-07-04,3.69,3.73,3.63,3.64,499183.0
2018-07-05,3.65,3.7,3.61,3.65,518647.0
2018-07-06,3.67,3.77,3.6,3.76,808713.0
2018-07-09,3.76,3.9,3.74,3.9,684927.0
2018-07-10,3.9,3.9,3.82,3.86,472834.0
2018-07-11,3.72,3.79,3.72,3.77,502145.0
2018-07-12,3.78,3.93,3.75,3.87,723463.0
2018-07-13,3.88,3.9,3.86,3.86,326039.0
2018-07-16,3.86,3.89,3.78,3.8,420717.0
2018-07-17,3.82,3.83,3.77,3.81,365244.0
2018-07-18,3.85,3.9,3.79,3.8,412323.0
2018-07-19,3.85,3.85,3.79,3.81,371481.0
2018-07-20,3.82,4.03,3.77,3.99,949598.0
2018-07-23,3.96,4.08,3.93,4.05,838815.0
2018-07-24,4.05,4.12,4.04,4.06,959314.0
2018-07-25,4.08,4.09,4.02,4.04,487221.0
2018-07-26,4.06,4.08,4.0,4.01,539151.0
2018-07-27,4.01,4.05,3.99,4.02,349553.0
2018-07-30,4.01,4.11,4.0,4.1,562438.0
2018-07-31,4.1,4.15,4.04,4.13,554129.0
2018-08-01,4.15,4.17,3.99,4.0,639544.0
2018-08-02,3.98,4.03,3.82,3.88,654239.0
2018-08-03,3.89,3.95,3.86,3.87,370562.0
2018-08-06,3.88,3.96,3.86,3.89,493666.0
2018-08-07,3.92,4.03,3.9,4.02,530314.0
2018-08-08,4.04,4.04,3.94,3.96,406159.0
2018-08-09,3.93,4.06,3.93,4.02,521822.0
2018-08-10,4.04,4.04,3.98,4.01,316902.0
2018-08-13,3.98,4.0,3.86,3.94,566123.0
2018-08-14,3.93,3.94,3.88,3.91,302418.0
2018-08-15,3.91,3.91,3.83,3.83,375461.0
2018-08-16,3.79,3.91,3.76,3.87,524202.0
2018-08-17,3.89,3.91,3.83,3.85,369722.0
2018-08-20,3.89,3.93,3.86,3.91,588750.0
2018-08-21,3.92,3.98,3.91,3.94,465410.0
2018-08-22,3.94,3.95,3.87,3.91,299217.0
2018-08-23,3.91,3.94,3.86,3.91,397692.0
2018-08-24,3.9,4.11,3.87,4.01,853691.0
2018-08-27,4.01,4.08,3.98,4.08,739497.0
2018-08-28,4.07,4.09,4.02,4.03,488987.0
2018-08-29,4.03,4.05,4.0,4.01,268574.0
2018-08-30,4.02,4.05,3.94,3.94,447702.0
2018-08-31,3.95,4.05,3.95,4.02,756730.0
2018-09-03,4.01,4.06,4.0,4.03,607922.0
2018-09-04,4.04,4.15,4.02,4.13,721990.0
2018-09-05,4.11,4.15,4.05,4.05,733325.0
2018-09-06,4.05,4.11,4.02,4.05,488585.0
2018-09-07,4.05,4.1,4.01,4.04,367958.0
2018-09-10,4.01,4.05,3.99,4.02,374973.0
2018-09-11,4.01,4.05,3.92,3.95,652510.0
2018-09-12,3.91,4.07,3.91,4.03,611823.0
2018-09-13,4.07,4.09,3.92,4.05,1057759.0
2018-09-14,4.05,4.05,4.0,4.03,306863.0
2018-09-17,4.01,4.05,3.97,4.0,379144.0
2018-09-18,3.98,4.09,3.98,4.08,648921.0
2018-09-19,4.08,4.12,4.05,4.08,630230.0
2018-09-20,4.1,4.13,4.08,4.1,507083.0
2018-09-21,4.12,4.3,4.08,4.3,1055799.0
2018-09-25,4.25,4.27,4.2,4.23,552399.0
2018-09-26,4.24,4.37,4.23,4.29,876629.0
2018-09-27,4.32,4.34,4.25,4.32,586980.0
2018-09-28,4.33,4.46,4.31,4.39,874780.0
2018-10-08,4.25,4.29,4.11,4.16,983976.0
2018-10-09,4.12,4.2,4.12,4.16,491331.0
2018-10-10,4.15,4.23,4.14,4.23,445575.0
2018-10-11,4.12,4.13,3.92,4.01,961048.0
2018-10-12,4.01,4.13,3.98,4.08,721898.0
2018-10-15,4.1,4.13,4.03,4.06,482431.0
2018-10-16,4.08,4.19,4.07,4.1,581738.0
2018-10-17,4.17,4.22,4.11,4.2,748319.0
2018-10-18,4.2,4.21,4.1,4.11,573271.0
2018-10-19,4.15,4.29,4.09,4.23,990422.0
2018-10-22,4.26,4.45,4.25,4.39,1327019.0
2018-10-23,4.35,4.39,4.22,4.23,941059.0
2018-10-24,4.25,4.5,4.25,4.33,1065819.0
2018-10-25,4.22,4.4,4.21,4.39,690510.0
2018-10-26,4.4,4.43,4.31,4.33,618089.0
2018-10-29,4.4,4.45,4.29,4.34,750476.0
2018-10-30,4.42,4.47,4.38,4.44,934944.0
2018-10-31,4.49,4.5,4.38,4.44,708165.0
2018-11-01,4.46,4.46,4.34,4.34,884644.0
2018-11-02,4.41,4.49,4.36,4.44,1202514.0
2018-11-05,4.43,4.44,4.37,4.4,486314.0
2018-11-06,4.38,4.39,4.3,4.31,551756.0
2018-11-07,4.34,4.39,4.28,4.29,492452.0
2018-11-08,4.34,4.38,4.3,4.32,407458.0
2018-11-09,4.28,4.31,4.18,4.23,658125.0
2018-11-12,4.23,4.29,4.21,4.25,536368.0
2018-11-13,4.18,4.29,4.18,4.26,781385.0
2018-11-14,4.25,4.26,4.18,4.19,671130.0
2018-11-15,4.19,4.23,4.17,4.22,712018.0
2018-11-16,4.22,4.25,4.18,4.21,789594.0
2018-11-19,4.22,4.29,4.21,4.28,705363.0
2018-11-20,4.26,4.27,4.19,4.21,669322.0
2018-11-21,4.18,4.22,4.18,4.21,453619.0
2018-11-22,4.22,4.23,4.17,4.19,354649.0
2018-11-23,4.19,4.21,4.11,4.11,489603.0
2018-11-26,4.14,4.17,4.1,4.11,378412.0
2018-11-27,4.13,4.15,4.06,4.09,342829.0
2018-11-28,4.08,4.15,4.07,4.11,316335.0
2018-11-29,4.13,4.15,4.09,4.09,411938.0
2018-11-30,4.09,4.15,4.09,4.15,384228.0
2018-12-03,4.25,4.25,4.19,4.22,837997.0
2018-12-04,4.22,4.24,4.2,4.24,490651.0
2018-12-05,4.18,4.22,4.18,4.18,478315.0
2018-12-06,4.12,4.15,4.09,4.12,512921.0
2018-12-07,4.13,4.15,4.11,4.12,247231.0
2018-12-10,4.08,4.1,4.05,4.07,438006.0
2018-12-11,4.06,4.08,4.03,4.05,399029.0
2018-12-12,4.08,4.08,4.01,4.04,495226.0
2018-12-13,4.04,4.1,4.01,4.05,783545.0
2018-12-14,4.03,4.04,3.93,4.0,1397848.0
2018-12-17,3.98,4.0,3.95,3.97,703712.0
2018-12-18,3.93,3.99,3.88,3.9,614844.0
2018-12-19,3.91,3.92,3.87,3.87,392299.0
2018-12-20,3.87,3.88,3.78,3.81,769272.0
2018-12-21,3.79,3.8,3.72,3.77,722017.0
2018-12-24,3.75,3.77,3.71,3.75,515645.0
2018-12-25,3.71,3.74,3.63,3.73,931767.0
2018-12-26,3.71,3.73,3.68,3.7,513390.0
2018-12-27,3.75,3.76,3.68,3.7,782941.0
2018-12-28,3.7,3.8,3.7,3.78,881695.0
2019-01-02,3.77,3.78,3.66,3.7,579415.0
2019-01-03,3.68,3.74,3.67,3.72,599669.0
2019-01-04,3.69,3.84,3.68,3.83,849423.0
2019-01-07,3.85,3.86,3.79,3.81,689127.0
2019-01-08,3.81,3.83,3.78,3.8,433968.0
2019-01-09,3.83,3.89,3.81,3.81,866810.0
2019-01-10,3.79,3.81,3.76,3.79,571919.0
2019-01-11,3.8,3.85,3.79,3.82,497088.0
2019-01-14,3.82,3.83,3.77,3.78,412829.0
2019-01-15,3.8,3.86,3.79,3.84,589142.0
2019-01-16,3.83,3.85,3.81,3.84,350576.0
2019-01-17,3.85,3.87,3.8,3.81,454065.0
2019-01-18,3.85,3.91,3.81,3.88,929721.0
2019-01-21,3.9,3.93,3.86,3.87,646976.0
2019-01-22,3.89,3.89,3.83,3.86,473494.0
2019-01-23,3.86,3.91,3.84,3.87,416962.0
2019-01-24,3.89,3.91,3.85,3.88,565102.0
2019-01-25,3.9,3.98,3.88,3.95,920161.0
2019-01-28,3.97,4.01,3.9,3.93,601111.0
2019-01-29,3.92,4.0,3.9,3.98,701021.0
2019-01-30,3.96,3.99,3.95,3.96,522240.0
2019-01-31,3.98,4.04,3.96,4.0,1194683.0
2019-02-01,4.02,4.02,3.95,3.99,811680.0
2019-02-11,3.96,4.0,3.94,3.99,967673.0
2019-02-12,4.0,4.01,3.96,3.99,796030.0
2019-02-13,3.99,4.11,3.97,4.09,1219417.0
2019-02-14,4.07,4.1,4.05,4.08,713250.0
2019-02-15,4.05,4.08,3.99,4.0,785037.0
2019-02-18,4.03,4.09,4.02,4.09,959434.0
2019-02-19,4.08,4.15,4.06,4.08,1213139.0
2019-02-20,4.1,4.12,4.07,4.08,696341.0
2019-02-21,4.08,4.11,4.04,4.05,968081.0
2019-02-22,4.05,4.12,4.02,4.12,991463.0
2019-02-25,4.15,4.6,4.15,4.53,3599388.0
2019-02-26,4.53,4.68,4.49,4.51,3052683.0
2019-02-27,4.54,4.77,4.51,4.61,2848263.0
2019-02-28,4.59,4.67,4.54,4.58,1370209.0
2019-03-01,4.59,4.76,4.48,4.74,2131520.0
2019-03-04,4.78,4.97,4.72,4.79,3190473.0
2019-03-05,4.77,4.81,4.74,4.8,1501129.0
2019-03-06,4.8,4.86,4.73,4.8,1860451.0
2019-03-07,4.79,4.79,4.68,4.7,1963685.0
2019-03-08,4.61,4.61,4.44,4.45,1896412.0
2019-03-11,4.43,4.51,4.43,4.48,1381154.0
2019-03-12,4.51,4.6,4.47,4.5,1487424.0
2019-03-13,4.51,4.58,4.45,4.49,1263169.0
2019-03-14,4.49,4.57,4.47,4.49,1032531.0
2019-03-15,4.49,4.56,4.48,4.5,1003138.0
2019-03-18,4.5,4.59,4.48,4.59,1714127.0
2019-03-19,4.59,4.61,4.53,4.55,1024903.0
2019-03-20,4.53,4.58,4.5,4.53,920812.0
2019-03-21,4.53,4.55,4.49,4.5,1073181.0
2019-03-22,4.51,4.52,4.45,4.47,1091144.0
2019-03-25,4.43,4.43,4.33,4.34,1521934.0
2019-03-26,4.37,4.38,4.27,4.31,945158.0
2019-03-27,4.31,4.36,4.27,4.3,814889.0
2019-03-28,4.27,4.28,4.21,4.25,985597.0
2019-03-29,4.24,4.42,4.23,4.39,1310497.0
2019-04-01,4.44,4.55,4.44,4.51,1935334.0
2019-04-02,4.53,4.55,4.48,4.5,1401274.0
2019-04-03,4.47,4.55,4.45,4.55,1508643.0
2019-04-04,4.55,4.64,4.54,4.61,1993017.0
2019-04-08,4.65,4.78,4.59,4.66,2522689.0
2019-04-09,4.66,4.68,4.58,4.61,1537072.0
2019-04-10,4.6,4.61,4.53,4.58,1429955.0
2019-04-11,4.57,4.64,4.51,4.54,1155201.0
2019-04-12,4.54,4.59,4.5,4.56,775636.0
2019-04-15,4.64,4.69,4.55,4.55,2107272.0
2019-04-16,4.51,4.75,4.5,4.74,3475507.0
2019-04-17,4.73,4.76,4.68,4.69,1978388.0
2019-04-18,4.69,4.71,4.65,4.66,896212.0
2019-04-19,4.66,4.73,4.63,4.68,1099201.0
2019-04-22,4.68,4.69,4.54,4.55,1608935.0
2019-04-23,4.55,4.57,4.52,4.52,1000286.0
2019-04-24,4.55,4.55,4.41,4.49,1096380.0
2019-04-25,4.49,4.5,4.42,4.43,1208695.0
2019-04-26,4.41,4.44,4.33,4.33,1343771.0
2019-04-29,4.35,4.46,4.34,4.43,1457059.0
2019-04-30,4.43,4.49,4.39,4.45,1193187.0
2019-05-06,4.36,4.37,4.21,4.28,2173659.0
2019-05-07,4.3,4.33,4.26,4.29,1123359.0
2019-05-08,4.24,4.29,4.22,4.24,972929.0
2019-05-09,4.23,4.26,4.15,4.17,1013753.0
2019-05-10,4.2,4.27,4.15,4.24,1082318.0
2019-05-13,4.2,4.22,4.17,4.19,635652.0
2019-05-14,4.15,4.22,4.15,4.16,934728.0
2019-05-15,4.18,4.23,4.17,4.2,793774.0
2019-05-16,4.19,4.21,4.17,4.19,769751.0
2019-05-17,4.2,4.21,4.12,4.13,1038996.0
2019-05-20,4.14,4.2,4.14,4.16,738743.0
2019-05-21,4.17,4.22,4.16,4.17,824429.0
2019-05-22,4.18,4.2,4.15,4.16,749546.0
2019-05-23,4.15,4.17,4.11,4.13,821089.0
2019-05-24,4.14,4.17,4.13,4.15,570776.0
2019-05-27,4.15,4.21,4.1,4.19,878874.0
2019-05-28,4.18,4.23,4.16,4.23,1312755.0
2019-05-29,4.2,4.22,4.17,4.18,709431.0
2019-05-30,4.19,4.2,4.15,4.18,573783.0
2019-05-31,4.18,4.2,4.16,4.16,525201.0
2019-06-03,4.17,4.22,4.16,4.22,1028230.0
2019-06-04,4.21,4.23,4.19,4.23,521931.0
2019-06-05,4.24,4.27,4.23,4.24,646393.0
2019-06-06,4.25,4.27,4.22,4.25,677582.0
2019-06-10,4.27,4.32,4.26,4.28,853600.0
2019-06-11,4.3,4.34,4.28,4.33,944343.0
2019-06-12,4.31,4.33,4.3,4.32,540915.0
2019-06-13,4.32,4.35,4.3,4.33,541869.0
2019-06-14,4.38,4.39,4.32,4.34,725747.0
2019-06-17,4.34,4.38,4.33,4.33,570332.0
2019-06-18,4.33,4.37,4.33,4.36,564387.0
2019-06-19,4.42,4.43,4.37,4.39,891385.0
2019-06-20,4.39,4.53,4.38,4.45,1561130.0
2019-06-21,4.46,4.48,4.43,4.44,1107747.0
2019-06-24,4.44,4.46,4.43,4.46,540564.0
2019-06-25,4.46,4.47,4.38,4.39,833760.0
2019-06-26,4.4,4.43,4.38,4.39,379317.0
2019-06-27,4.41,4.46,4.4,4.41,619913.0
2019-06-28,4.42,4.42,4.37,4.4,495886.0
2019-07-01,4.46,4.48,4.44,4.47,963115.0
2019-07-02,4.47,4.49,4.45,4.49,846647.0
2019-07-03,4.48,4.53,4.46,4.51,934089.0
2019-07-04,4.52,4.54,4.48,4.49,1096272.0
2019-07-05,4.52,4.52,4.47,4.48,897742.0
2019-07-08,4.46,4.48,4.37,4.39,894697.0
2019-07-09,4.4,4.41,4.35,4.37,476909.0
2019-07-10,4.39,4.39,4.35,4.37,372463.0
2019-07-11,4.39,4.42,4.37,4.38,398167.0
2019-07-12,4.38,4.45,4.38,4.42,515730.0
2019-07-15,4.4,4.43,4.32,4.4,692261.0
2019-07-16,4.4,4.41,4.38,4.39,283329.0
2019-07-17,4.37,4.39,4.35,4.35,357914.0
2019-07-18,4.35,4.37,4.33,4.35,359627.0
2019-07-19,4.36,4.41,4.35,4.39,450110.0
2019-07-22,4.4,4.41,4.35,4.36,484538.0
2019-07-23,4.36,4.38,4.35,4.37,350236.0
2019-07-24,4.38,4.42,4.37,4.39,543363.0
2019-07-25,4.39,4.44,4.38,4.44,552223.0
2019-07-26,4.42,4.44,4.41,4.43,476008.0
2019-07-29,4.43,4.44,4.41,4.43,473432.0
2019-07-30,4.43,4.49,4.42,4.46,559802.0
2019-07-31,4.46,4.47,4.42,4.46,539044.0
2019-08-01,4.43,4.45,4.4,4.41,517116.0
2019-08-02,4.35,4.37,4.34,4.35,764692.0
2019-08-05,4.33,4.34,4.23,4.24,938557.0
2019-08-06,4.17,4.21,4.15,4.16,945609.0
2019-08-07,4.18,4.19,4.13,4.13,663950.0
2019-08-08,4.15,4.19,4.14,4.16,549851.0
2019-08-09,4.17,4.19,4.14,4.17,462150.0
2019-08-12,4.17,4.24,4.15,4.22,505640.0
2019-08-13,4.2,4.21,4.17,4.19,383814.0
2019-08-14,4.23,4.24,4.18,4.18,361127.0
2019-08-15,4.12,4.19,4.11,4.18,382804.0
2019-08-16,4.17,4.2,4.15,4.16,415539.0
2019-08-19,4.16,4.22,4.12,4.22,714724.0
2019-08-20,4.2,4.25,4.2,4.21,606111.0
2019-08-21,4.21,4.23,4.19,4.21,413149.0
2019-08-22,4.22,4.23,4.19,4.2,344540.0
2019-08-23,4.2,4.23,4.17,4.22,522242.0
2019-08-26,4.15,4.18,4.13,4.17,707262.0
2019-08-27,4.19,4.26,4.18,4.21,1028800.0
2019-08-28,4.23,4.25,4.21,4.22,411820.0
2019-08-29,4.21,4.24,4.19,4.22,434181.0
2019-08-30,4.24,4.27,4.18,4.2,519127.0
2019-09-02,4.23,4.3,4.21,4.27,761984.0
2019-09-03,4.29,4.31,4.26,4.29,461003.0
2019-09-04,4.32,4.4,4.31,4.4,737419.0
2019-09-05,4.42,4.5,4.41,4.45,1039363.0
2019-09-06,4.48,4.49,4.45,4.47,783119.0
2019-09-09,4.51,4.53,4.46,4.48,705675.0
2019-09-10,4.48,4.49,4.46,4.49,506676.0
2019-09-11,4.51,4.54,4.49,4.54,692185.0
2019-09-12,4.57,4.57,4.52,4.56,474520.0
2019-09-16,4.57,4.57,4.48,4.52,479737.0
2019-09-17,4.51,4.52,4.43,4.45,647077.0
2019-09-18,4.48,4.48,4.44,4.44,468153.0
2019-09-19,4.46,4.47,4.43,4.47,372846.0
2019-09-20,4.47,4.5,4.45,4.48,682861.0
2019-09-23,4.46,4.47,4.41,4.44,416736.0
2019-09-24,4.44,4.47,4.41,4.43,416783.0
2019-09-25,4.43,4.46,4.4,4.42,522586.0
2019-09-26,4.43,4.5,4.42,4.45,809421.0
2019-09-27,4.45,4.47,4.4,4.43,581426.0
2019-09-30,4.42,4.47,4.41,4.41,754872.0
2019-10-08,4.39,4.52,4.39,4.47,823335.0
2019-10-09,4.44,4.55,4.44,4.53,1047605.0
2019-10-10,4.52,4.55,4.48,4.5,722442.0
2019-10-11,4.52,4.57,4.49,4.56,1084244.0
2019-10-14,4.58,4.76,4.57,4.66,1632310.0
2019-10-15,4.66,4.69,4.61,4.65,794336.0
2019-10-16,4.67,4.73,4.59,4.62,875230.0
2019-10-17,4.6,4.65,4.59,4.61,413613.0
2019-10-18,4.63,4.67,4.48,4.48,793396.0
2019-10-21,4.48,4.56,4.47,4.54,483543.0
2019-10-22,4.57,4.58,4.53,4.55,448968.0
2019-10-23,4.57,4.59,4.53,4.53,456826.0
2019-10-24,4.56,4.63,4.54,4.58,668089.0
2019-10-25,4.58,4.59,4.53,4.58,459641.0
2019-10-28,4.58,4.64,4.55,4.57,580152.0
2019-10-29,4.58,4.58,4.54,4.55,374070.0
2019-10-30,4.55,4.58,4.5,4.55,473366.0
2019-10-31,4.56,4.57,4.5,4.54,460185.0
2019-11-01,4.52,4.6,4.49,4.57,708973.0
2019-11-04,4.58,4.62,4.56,4.58,703990.0
2019-11-05,4.59,4.71,4.58,4.65,1211302.0
2019-11-06,4.65,4.7,4.63,4.65,693916.0
2019-11-07,4.66,4.69,4.63,4.65,426281.0
2019-11-08,4.66,4.68,4.58,4.59,585500.0
2019-11-11,4.58,4.58,4.51,4.52,607027.0
2019-11-12,4.54,4.56,4.51,4.54,442757.0
2019-11-13,4.52,4.54,4.49,4.51,456240.0
2019-11-14,4.53,4.53,4.47,4.49,468855.0
2019-11-15,4.51,4.52,4.48,4.49,326313.0
2019-11-18,4.5,4.53,4.47,4.53,430121.0
2019-11-19,4.51,4.54,4.5,4.52,349247.0
2019-11-20,4.52,4.53,4.47,4.47,408477.0
2019-11-21,4.46,4.49,4.45,4.47,434364.0
2019-11-22,4.49,4.51,4.46,4.47,474084.0
2019-11-25,4.49,4.57,4.47,4.57,651603.0
2019-11-26,4.58,4.59,4.53,4.58,966448.0
2019-11-27,4.57,4.58,4.54,4.54,357611.0
2019-11-28,4.53,4.56,4.52,4.55,361885.0
2019-11-29,4.53,4.58,4.52,4.56,588981.0
2019-12-02,4.55,4.58,4.54,4.56,381284.0
2019-12-03,4.55,4.57,4.53,4.57,324454.0
2019-12-04,4.57,4.57,4.52,4.55,357630.0
2019-12-05,4.57,4.59,4.54,4.57,407302.0
2019-12-06,4.58,4.59,4.56,4.58,331970.0
2019-12-09,4.58,4.6,4.56,4.6,366733.0
2019-12-10,4.59,4.6,4.58,4.58,253180.0
2019-12-11,4.6,4.6,4.56,4.59,380396.0
2019-12-12,4.6,4.6,4.57,4.58,311840.0
2019-12-13,4.6,4.67,4.6,4.66,1095455.0
2019-12-16,4.66,4.66,4.62,4.64,693975.0
2019-12-17,4.65,4.76,4.63,4.71,1244920.0
2019-12-18,4.7,4.74,4.67,4.68,997438.0
2019-12-19,4.67,4.72,4.67,4.69,694915.0
2019-12-20,4.69,4.71,4.66,4.69,602623.0
2019-12-23,4.69,4.7,4.62,4.64,570573.0
2019-12-24,4.65,4.66,4.62,4.65,313751.0
2019-12-25,4.64,4.65,4.61,4.62,328709.0
2019-12-26,4.62,4.65,4.6,4.64,411824.0
2019-12-27,4.63,4.7,4.63,4.66,700115.0
2019-12-30,4.65,4.72,4.63,4.7,621189.0
2019-12-31,4.69,4.72,4.66,4.7,521147.0
2020-01-02,4.75,4.79,4.74,4.75,1043664.0
2020-01-03,4.76,4.77,4.73,4.73,599124.0
2020-01-06,4.71,4.76,4.67,4.69,802168.0
2020-01-07,4.71,4.75,4.69,4.72,574018.0
2020-01-08,4.71,4.72,4.65,4.68,693523.0
2020-01-09,4.71,4.73,4.69,4.7,599264.0
2020-01-10,4.71,4.73,4.69,4.72,427512.0
2020-01-13,4.73,4.74,4.71,4.74,502396.0
2020-01-14,4.75,4.8,4.74,4.77,589469.0
2020-01-15,4.77,4.78,4.71,4.71,453765.0
2020-01-16,4.72,4.73,4.68,4.69,391474.0
2020-01-17,4.7,4.73,4.66,4.68,444723.0
2020-01-20,4.68,4.71,4.68,4.71,451507.0
2020-01-21,4.69,4.7,4.64,4.64,620174.0
2020-01-22,4.65,4.72,4.6,4.65,611250.0
2020-01-23,4.62,4.64,4.47,4.47,1172841.0
2020-02-03,3.96,4.2,3.96,4.08,2257121.0
2020-02-04,4.09,4.25,4.04,4.22,1465045.0
2020-02-05,4.24,4.29,4.17,4.23,866989.0
2020-02-06,4.28,4.31,4.22,4.3,873868.0
2020-02-07,4.26,4.28,4.21,4.28,690933.0
2020-02-10,4.24,4.27,4.23,4.25,553234.0
2020-02-11,4.27,4.32,4.26,4.29,556603.0
2020-02-12,4.28,4.3,4.25,4.29,497235.0
2020-02-13,4.29,4.3,4.24,4.25,519797.0
2020-02-14,4.23,4.28,4.23,4.28,425122.0
2020-02-17,4.27,4.36,4.26,4.35,804352.0
2020-02-18,4.33,4.34,4.28,4.29,708889.0
2020-02-19,4.29,4.33,4.27,4.28,667201.0
2020-02-20,4.3,4.34,4.25,4.33,936735.0
2020-02-21,4.31,4.34,4.28,4.3,955810.0
2020-02-24,4.3,4.32,4.24,4.25,1067721.0
2020-02-25,4.2,4.22,4.17,4.2,980348.0
2020-02-26,4.17,4.25,4.15,4.23,981498.0
2020-02-27,4.23,4.26,4.21,4.24,716523.0
2020-02-28,4.2,4.22,4.11,4.11,1163981.0
2020-03-02,4.13,4.21,4.12,4.2,851199.0
2020-03-03,4.22,4.26,4.21,4.23,846088.0
2020-03-04,4.21,4.26,4.21,4.25,569671.0
2020-03-05,4.27,4.35,4.25,4.34,1393658.0
2020-03-06,4.29,4.33,4.26,4.29,728139.0
2020-03-09,4.23,4.24,4.15,4.18,1327024.0
2020-03-10,4.15,4.25,4.14,4.23,1026639.0
2020-03-11,4.24,4.25,4.19,4.2,607406.0
2020-03-12,4.18,4.19,4.15,4.19,757007.0
2020-03-13,4.08,4.19,4.03,4.17,1224443.0
2020-03-16,4.18,4.19,4.07,4.07,1033189.0
2020-03-17,4.09,4.16,4.03,4.09,955713.0
2020-03-18,4.1,4.11,3.98,3.99,811745.0
2020-03-19,3.99,4.0,3.85,3.87,1242124.0
2020-03-20,3.91,4.0,3.88,3.99,898276.0
2020-03-23,3.89,3.94,3.87,3.93,672805.0
2020-03-24,3.97,4.04,3.97,4.02,773179.0
2020-03-25,4.09,4.11,4.03,4.05,756681.0
2020-03-26,4.03,4.1,4.0,4.06,818238.0
2020-03-27,4.09,4.11,4.05,4.1,820776.0
2020-03-30,4.06,4.14,4.04,4.09,1102547.0
2020-03-31,4.15,4.17,4.09,4.1,1170896.0
2020-04-01,4.09,4.14,4.07,4.08,807464.0
2020-04-02,4.07,4.11,4.05,4.11,698449.0
2020-04-03,4.09,4.11,4.07,4.1,549205.0
2020-04-07,4.17,4.19,4.14,4.17,1111045.0
2020-04-08,4.16,4.19,4.14,4.17,675930.0
2020-04-09,4.19,4.21,4.17,4.17,623245.0
2020-04-10,4.19,4.19,4.12,4.16,611371.0
2020-04-13,4.15,4.15,4.09,4.09,352342.0
2020-04-14,4.13,4.17,4.1,4.17,762598.0
2020-04-15,4.16,4.18,4.15,4.15,552538.0
2020-04-16,4.14,4.18,4.13,4.17,532255.0
2020-04-17,4.2,4.21,4.16,4.18,751440.0
2020-04-20,4.18,4.19,4.11,4.12,816356.0
2020-04-21,4.12,4.13,4.07,4.09,699034.0
2020-04-22,4.09,4.09,4.06,4.09,693863.0
2020-04-23,4.1,4.1,4.05,4.08,635641.0
2020-04-24,4.08,4.11,4.04,4.09,614397.0
2020-04-27,4.11,4.17,4.1,4.15,706617.0
2020-04-28,4.16,4.17,4.1,4.14,599910.0
2020-04-29,4.16,4.26,4.15,4.26,877673.0
2020-04-30,4.26,4.3,4.23,4.28,834032.0
2020-05-06,4.19,4.26,4.17,4.23,999558.0
2020-05-07,4.23,4.23,4.19,4.19,547345.0
2020-05-08,4.21,4.24,4.2,4.23,571686.0
2020-05-11,4.22,4.26,4.21,4.21,488285.0
2020-05-12,4.21,4.23,4.17,4.18,520360.0
2020-05-13,4.17,4.19,4.15,4.18,457460.0
2020-05-14,4.17,4.17,4.15,4.16,446476.0
2020-05-15,4.17,4.19,4.14,4.15,427684.0
2020-05-18,4.16,4.2,4.15,4.17,390329.0
2020-05-19,4.21,4.21,4.17,4.19,367469.0
2020-05-20,4.18,4.21,4.17,4.19,420340.0
2020-05-21,4.21,4.21,4.15,4.15,322999.0
2020-05-22,4.15,4.16,4.06,4.07,706772.0
2020-05-25,4.11,4.11,4.06,4.09,350018.0
2020-05-26,4.1,4.11,4.08,4.09,397824.0
2020-05-27,4.09,4.13,4.08,4.1,445018.0
2020-05-28,4.11,4.18,4.1,4.15,509347.0
2020-05-29,4.13,4.15,4.08,4.08,485930.0
2020-06-01,4.11,4.16,4.11,4.15,554248.0
2020-06-02,4.14,4.19,4.13,4.17,590651.0
2020-06-03,4.19,4.23,4.16,4.16,668743.0
2020-06-04,4.2,4.2,4.12,4.13,538063.0
2020-06-05,4.14,4.15,4.12,4.15,375239.0
2020-06-08,4.15,4.17,4.14,4.14,563113.0
2020-06-09,4.14,4.19,4.13,4.17,699174.0
2020-06-10,4.17,4.18,4.13,4.13,608994.0
2020-06-11,4.13,4.14,4.07,4.08,932175.0
2020-06-12,4.05,4.08,4.04,4.07,1159370.0
2020-06-15,4.05,4.05,4.0,4.01,1095842.0
2020-06-16,4.04,4.05,4.02,4.04,547199.0
2020-06-17,4.03,4.05,4.02,4.04,422280.0
2020-06-18,4.03,4.06,4.0,4.03,618720.0
2020-06-19,4.04,4.09,4.03,4.06,914032.0
2020-06-22,4.06,4.09,4.05,4.06,685109.0
2020-06-23,4.05,4.06,4.03,4.04,519848.0
2020-06-24,4.05,4.08,4.05,4.06,586177.0
2020-06-29,4.08,4.1,4.03,4.05,770233.0
2020-06-30,4.06,4.08,4.05,4.06,540206.0
2020-07-01,4.07,4.15,4.05,4.14,1080183.0
2020-07-02,4.13,4.25,4.12,4.25,1686338.0
2020-07-03,4.25,4.35,4.25,4.33,1887246.0
2020-07-06,4.38,4.86,4.38,4.83,5375443.0
2020-07-07,4.92,5.11,4.79,4.91,4834736.0
2020-07-08,4.9,4.99,4.87,4.91,3342763.0
2020-07-09,4.9,4.92,4.81,4.83,2639045.0
2020-07-10,4.82,4.85,4.64,4.66,3108278.0
2020-07-13,4.66,4.69,4.56,4.61,3096030.0
2020-07-14,4.59,4.62,4.46,4.5,2306648.0
2020-07-15,4.53,4.55,4.4,4.41,2078490.0
2020-07-16,4.44,4.49,4.37,4.38,2005732.0
2020-07-17,4.41,4.43,4.33,4.36,1365307.0
2020-07-20,4.37,4.49,4.36,4.46,1856355.0
2020-07-21,4.48,4.48,4.4,4.42,1141722.0
2020-07-22,4.43,4.48,4.39,4.4,1487994.0
2020-07-23,4.38,4.42,4.31,4.37,1318017.0
2020-07-24,4.36,4.37,4.26,4.28,1585195.0
2020-07-27,4.32,4.32,4.26,4.28,941948.0
2020-07-28,4.3,4.33,4.28,4.29,771965.0
2020-07-29,4.29,4.36,4.28,4.35,1012069.0
2020-07-30,4.36,4.36,4.3,4.3,859562.0
2020-07-31,4.3,4.35,4.26,4.3,1235051.0
2020-08-03,4.32,4.34,4.3,4.32,1358752.0
2020-08-04,4.34,4.43,4.32,4.41,1932114.0
2020-08-05,4.41,4.41,4.32,4.35,1068094.0
2020-08-06,4.36,4.39,4.31,4.36,1009448.0
2020-08-07,4.36,4.36,4.3,4.32,1003717.0
2020-08-10,4.33,4.37,4.31,4.36,1071376.0
2020-08-11,4.35,4.43,4.33,4.34,1409946.0
2020-08-12,4.34,4.38,4.32,4.38,1138431.0
2020-08-13,4.39,4.39,4.35,4.35,657581.0
2020-08-14,4.35,4.4,4.34,4.39,954081.0
2020-08-17,4.39,4.54,4.39,4.48,2782893.0
2020-08-18,4.49,4.5,4.42,4.44,1287489.0
2020-08-19,4.45,4.45,4.39,4.39,1093899.0
2020-08-20,4.39,4.39,4.34,4.35,1026069.0
2020-08-21,4.36,4.37,4.33,4.36,835022.0
2020-08-24,4.37,4.38,4.34,4.34,719883.0
2020-08-25,4.35,4.37,4.31,4.32,812615.0
2020-08-26,4.33,4.34,4.29,4.29,818169.0
2020-08-27,4.3,4.31,4.27,4.29,724415.0
2020-08-28,4.28,4.35,4.27,4.35,1100445.0
2020-08-31,4.34,4.38,4.29,4.31,1605000.0
2020-09-01,4.29,4.34,4.28,4.32,1085624.0
2020-09-02,4.31,4.32,4.27,4.29,1022547.0
2020-09-03,4.3,4.32,4.28,4.29,747636.0
2020-09-04,4.28,4.29,4.26,4.28,943611.0
2020-09-07,4.26,4.28,4.23,4.24,931515.0
2020-09-08,4.25,4.28,4.24,4.27,829585.0
2020-09-09,4.26,4.27,4.24,4.24,862683.0
2020-09-10,4.26,4.26,4.21,4.23,901402.0
2020-09-11,4.22,4.23,4.2,4.22,607478.0
2020-09-14,4.21,4.23,4.2,4.21,512514.0
2020-09-15,4.21,4.22,4.2,4.21,470882.0
2020-09-16,4.22,4.24,4.2,4.23,540984.0
2020-09-17,4.22,4.23,4.2,4.2,599521.0
2020-09-18,4.21,4.26,4.19,4.26,1093999.0
2020-09-21,4.26,4.27,4.21,4.21,648484.0
2020-09-22,4.2,4.23,4.17,4.18,784337.0
2020-09-23,4.18,4.19,4.16,4.17,640376.0
2020-09-24,4.17,4.17,4.11,4.13,687861.0
2020-09-25,4.12,4.13,4.05,4.07,842978.0
2020-09-28,4.07,4.1,4.07,4.09,389346.0
2020-09-29,4.1,4.11,4.06,4.06,416825.0
2020-09-30,4.08,4.1,4.05,4.06,548916.0
2020-10-09,4.06,4.09,4.05,4.06,895593.0
2020-10-12,4.07,4.15,4.05,4.13,1207684.0
2020-10-13,4.13,4.13,4.09,4.1,669027.0
2020-10-14,4.1,4.12,4.07,4.09,587471.0
2020-10-15,4.08,4.15,4.07,4.11,823751.0
2020-10-16,4.1,4.19,4.1,4.15,1248623.0
2020-10-19,4.17,4.27,4.14,4.16,1671540.0
2020-10-20,4.15,4.15,4.1,4.11,829404.0
2020-10-21,4.11,4.17,4.08,4.16,1212204.0
2020-10-22,4.15,4.22,4.12,4.16,810593.0
2020-10-23,4.14,4.22,4.14,4.18,1253236.0
2020-10-26,4.2,4.21,4.12,4.13,959883.0
2020-10-27,4.12,4.12,4.08,4.08,768553.0
2020-10-28,4.08,4.09,4.05,4.06,840893.0
2020-10-29,4.03,4.07,4.02,4.04,668060.0
2020-10-30,4.04,4.1,4.02,4.04,720076.0
2020-11-02,3.96,3.97,3.88,3.89,1884894.0
2020-11-03,3.89,3.96,3.88,3.92,769926.0
2020-11-04,3.94,3.95,3.89,3.91,676704.0
2020-11-05,3.93,3.95,3.91,3.93,592610.0
2020-11-06,3.94,3.96,3.92,3.93,682707.0
2020-11-09,3.96,4.0,3.95,3.98,937211.0
2020-11-10,4.01,4.05,3.97,3.98,867627.0
2020-11-11,3.97,4.02,3.94,3.99,873572.0
2020-11-12,3.98,4.0,3.93,3.93,853029.0
2020-11-13,3.93,3.93,3.88,3.89,860733.0
2020-11-16,3.91,3.93,3.9,3.92,729961.0
2020-11-17,3.92,3.94,3.9,3.93,702882.0
2020-11-18,3.92,4.0,3.91,3.97,1189356.0
2020-11-19,3.97,3.99,3.95,3.97,666770.0
2020-11-20,3.96,3.96,3.92,3.95,605457.0
2020-11-23,3.94,4.01,3.93,3.99,1232134.0
2020-11-24,4.0,4.02,3.97,3.97,834242.0
2020-11-25,3.98,4.02,3.95,3.96,1133256.0
2020-11-26,3.96,4.0,3.95,3.99,699177.0
2020-11-27,4.0,4.11,3.99,4.11,1895237.0
2020-11-30,4.13,4.26,4.06,4.06,2937823.0
2020-12-01,4.05,4.19,4.03,4.17,1719804.0
2020-12-02,4.18,4.2,4.12,4.13,1060388.0
2020-12-03,4.14,4.18,4.11,4.15,992727.0
2020-12-04,4.14,4.14,4.06,4.12,1136524.0
2020-12-07,4.11,4.12,4.02,4.04,980165.0
2020-12-08,4.06,4.1,4.04,4.08,818150.0
2020-12-09,4.11,4.16,4.1,4.12,1319178.0
2020-12-10,4.13,4.14,4.04,4.06,795350.0
2020-12-11,4.08,4.11,3.95,3.95,1149687.0
2020-12-14,4.0,4.05,3.97,3.98,826445.0
2020-12-15,3.99,3.99,3.93,3.94,796569.0
2020-12-16,3.95,3.98,3.94,3.95,538652.0
2020-12-17,3.95,3.99,3.92,3.98,648974.0
2020-12-18,3.97,3.99,3.93,3.96,554777.0
2020-12-21,3.95,3.96,3.91,3.93,647867.0
2020-12-22,3.93,3.94,3.88,3.88,857457.0
2020-12-23,3.89,3.9,3.87,3.88,599844.0
2020-12-24,3.89,3.93,3.88,3.9,625177.0
2020-12-25,3.92,3.94,3.91,3.94,472918.0
2020-12-28,3.94,3.94,3.9,3.92,607799.0
2020-12-29,3.92,3.94,3.91,3.92,488670.0
2020-12-30,3.92,3.93,3.89,3.93,495220.0
2020-12-31,3.93,3.98,3.91,3.96,803668.0
2021-01-04,3.97,3.98,3.92,3.96,862805.0
2021-01-05,3.95,3.96,3.91,3.93,830850.0
2021-01-06,3.92,3.97,3.92,3.95,701550.0
2021-01-07,3.97,3.98,3.91,3.96,891786.0
2021-01-08,3.96,4.0,3.94,3.97,988867.0
2021-01-11,3.97,3.99,3.91,3.91,1147805.0
2021-01-12,3.92,3.95,3.89,3.95,892834.0
2021-01-13,3.95,3.96,3.91,3.95,952482.0
2021-01-14,3.94,3.99,3.92,3.95,1018941.0
2021-01-15,3.97,4.11,3.97,4.0,2045439.0
2021-01-18,4.0,4.03,3.97,3.99,1202766.0
2021-01-19,4.01,4.05,3.97,4.03,1156390.0
2021-01-20,4.02,4.05,3.97,3.98,1019892.0
2021-01-21,3.98,4.01,3.96,3.97,815551.0
2021-01-22,3.97,3.98,3.9,3.9,1124192.0
2021-01-25,3.91,3.91,3.88,3.89,846190.0
2021-01-26,3.89,3.93,3.88,3.89,744597.0
2021-01-27,3.91,3.95,3.89,3.9,784751.0
2021-01-28,3.89,3.9,3.84,3.88,1163303.0
2021-01-29,3.88,3.9,3.85,3.87,785034.0
2021-02-01,3.87,3.92,3.84,3.9,988192.0
2021-02-02,3.9,3.92,3.85,3.86,807893.0
2021-02-03,3.86,3.88,3.83,3.85,786838.0
2021-02-04,3.84,3.88,3.82,3.84,892669.0
2021-02-05,3.84,3.95,3.82,3.93,1870583.0
2021-02-08,3.94,3.95,3.9,3.92,1097077.0
2021-02-09,3.92,3.92,3.87,3.9,749500.0
2021-02-10,3.89,3.96,3.89,3.92,972118.0
2021-02-18,3.97,4.04,3.97,3.99,1678242.0
2021-02-19,3.99,4.05,3.97,4.01,1370979.0
2021-02-22,4.01,4.08,3.99,4.01,2298924.0
2021-02-23,4.01,4.06,3.99,3.99,1211653.0
2021-02-24,4.01,4.03,3.94,3.95,1309732.0
2021-02-25,3.97,4.03,3.96,4.01,1382261.0
2021-02-26,3.98,4.02,3.94,3.94,1390490.0
2021-03-01,3.96,3.97,3.93,3.93,712442.0
2021-03-02,3.94,3.95,3.89,3.9,834274.0
2021-03-03,3.91,4.0,3.9,3.98,1167082.0
2021-03-04,3.96,4.01,3.96,3.98,1176590.0
2021-03-05,3.98,4.0,3.94,3.99,974168.0
2021-03-08,3.99,4.03,3.95,3.96,1312647.0
2021-03-09,3.97,4.0,3.92,3.94,1338993.0
2021-03-10,3.95,3.98,3.93,3.95,929375.0
2021-03-11,3.97,4.02,3.96,3.99,1356334.0
2021-03-12,3.99,4.03,3.97,4.02,1312557.0
2021-03-15,4.02,4.06,4.0,4.04,1569417.0
2021-03-16,4.05,4.08,4.03,4.05,1040194.0
2021-03-17,4.04,4.05,4.0,4.0,905045.0
2021-03-18,4.01,4.04,4.0,4.01,823612.0
2021-03-19,4.01,4.03,3.89,3.89,2310606.0
2021-03-22,3.91,3.98,3.91,3.98,1012902.0
2021-03-23,3.98,4.02,3.97,3.99,815137.0
2021-03-24,3.98,4.0,3.96,3.97,735548.0
2021-03-25,3.99,4.0,3.94,3.94,641443.0
2021-03-26,3.95,3.97,3.93,3.94,650147.0
2021-03-29,3.95,4.0,3.93,4.0,1232051.0
2021-03-30,4.0,4.03,3.98,4.03,1001091.0
2021-03-31,3.79,3.83,3.73,3.81,3895527.0
2021-04-01,3.79,3.8,3.76,3.77,1259225.0
2021-04-02,3.77,3.78,3.74,3.75,1251316.0
2021-04-06,3.75,3.75,3.72,3.73,1010560.0
2021-04-07,3.72,3.72,3.68,3.69,1058222.0
2021-04-08,3.68,3.71,3.68,3.7,657728.0
2021-04-09,3.69,3.71,3.68,3.7,502598.0
2021-04-12,3.68,3.73,3.68,3.71,980935.0
2021-04-13,3.71,3.73,3.7,3.72,563077.0
2021-04-14,3.72,3.73,3.7,3.7,393317.0
2021-04-15,3.7,3.72,3.67,3.68,676960.0
2021-04-16,3.68,3.71,3.68,3.7,391022.0
2021-04-19,3.7,3.72,3.69,3.71,621769.0
2021-04-20,3.71,3.72,3.69,3.7,532186.0
2021-04-21,3.7,3.72,3.68,3.69,682864.0
2021-04-22,3.69,3.7,3.63,3.63,1311174.0
2021-04-23,3.63,3.65,3.61,3.62,602521.0
2021-04-26,3.63,3.63,3.58,3.58,582897.0
2021-04-27,3.58,3.58,3.5,3.5,842372.0
2021-04-28,3.5,3.51,3.43,3.44,896085.0
2021-04-29,3.44,3.52,3.41,3.51,712920.0
2021-04-30,3.51,3.51,3.44,3.46,773009.0
2021-05-06,3.46,3.52,3.45,3.46,874777.0
2021-05-07,3.46,3.48,3.43,3.44,897609.0
2021-05-10,3.44,3.45,3.34,3.37,1265274.0
2021-05-11,3.36,3.38,3.34,3.38,721797.0
2021-05-12,3.37,3.41,3.35,3.4,763244.0
2021-05-13,3.39,3.41,3.38,3.39,553709.0
2021-05-14,3.4,3.45,3.38,3.44,873460.0
2021-05-17,3.43,3.47,3.42,3.45,702729.0
2021-05-18,3.45,3.46,3.42,3.44,351820.0
2021-05-19,3.46,3.47,3.43,3.45,609456.0
2021-05-20,3.45,3.45,3.42,3.45,590046.0
2021-05-21,3.44,3.46,3.43,3.44,549528.0
2021-05-24,3.44,3.46,3.43,3.44,432140.0
2021-05-25,3.44,3.51,3.42,3.5,1188781.0
2021-05-26,3.48,3.51,3.47,3.49,966456.0
2021-05-27,3.5,3.51,3.47,3.5,1086558.0
2021-05-28,3.49,3.5,3.47,3.48,885178.0
2021-05-31,3.49,3.49,3.46,3.48,594768.0
2021-06-01,3.48,3.48,3.44,3.45,518432.0
2021-06-02,3.46,3.46,3.43,3.45,495841.0
2021-06-03,3.45,3.47,3.44,3.44,501506.0
2021-06-04,3.44,3.49,3.43,3.45,708896.0
2021-06-07,3.46,3.46,3.43,3.44,493000.0
2021-06-08,3.44,3.45,3.42,3.45,518938.0
2021-06-09,3.44,3.46,3.43,3.43,548935.0
2021-06-10,3.44,3.45,3.42,3.43,660130.0
2021-06-11,3.43,3.44,3.4,3.43,862709.0
2021-06-15,3.42,3.43,3.37,3.37,679818.0
2021-06-16,3.37,3.4,3.36,3.4,464414.0
2021-06-17,3.4,3.4,3.37,3.38,379827.0
2021-06-18,3.39,3.4,3.38,3.4,670522.0
2021-06-21,3.4,3.4,3.38,3.4,462967.0
2021-06-22,3.4,3.41,3.38,3.4,721567.0
2021-06-23,3.4,3.41,3.39,3.39,663187.0
2021-06-24,3.42,3.43,3.39,3.42,725341.0
2021-06-25,3.42,3.45,3.41,3.44,686323.0
2021-06-28,3.43,3.44,3.41,3.43,453839.0
2021-06-29,3.42,3.43,3.39,3.39,469028.0
2021-06-30,3.4,3.42,3.39,3.39,323291.0
2021-07-01,3.4,3.41,3.39,3.39,465363.0
2021-07-02,3.39,3.4,3.36,3.37,593202.0
2021-07-05,3.38,3.38,3.34,3.36,600000.0
2021-07-06,3.35,3.37,3.33,3.36,699278.0
2021-07-07,3.35,3.37,3.34,3.35,432540.0
2021-07-08,3.36,3.36,3.32,3.33,558366.0
2021-07-09,3.33,3.35,3.31,3.32,630890.0
2021-07-12,3.34,3.35,3.32,3.32,624254.0
2021-07-13,3.33,3.34,3.31,3.32,554654.0
2021-07-14,3.33,3.33,3.22,3.23,1338655.0
2021-07-15,3.22,3.27,3.2,3.25,707437.0
2021-07-16,3.24,3.25,3.21,3.22,622462.0
2021-07-19,3.2,3.21,3.15,3.19,949988.0
2021-07-20,3.17,3.18,3.15,3.15,489424.0
2021-07-21,3.16,3.18,3.15,3.16,518018.0
2021-07-22,3.17,3.21,3.16,3.19,540947.0
2021-07-23,3.19,3.2,3.17,3.18,391354.0
2021-07-26,3.18,3.18,3.09,3.1,920205.0
2021-07-27,3.1,3.12,3.03,3.03,707589.0
2021-07-28,3.04,3.09,3.03,3.04,752846.0
2021-07-29,3.06,3.07,2.99,2.99,785036.0
2021-07-30,2.98,2.99,2.94,2.96,667051.0
2021-08-02,2.96,3.03,2.93,2.99,800835.0
2021-08-03,2.98,2.99,2.95,2.97,566900.0
2021-08-04,2.98,2.98,2.95,2.96,458088.0
2021-08-05,2.96,2.99,2.95,2.96,377883.0
2021-08-06,2.96,2.97,2.94,2.96,350913.0
2021-08-09,2.96,3.02,2.95,3.01,726448.0
2021-08-10,3.01,3.03,2.98,3.02,631007.0
2021-08-11,3.01,3.06,3.0,3.02,673765.0
2021-08-12,3.01,3.02,3.0,3.0,375696.0
2021-08-13,3.0,3.0,2.98,2.99,377933.0
2021-08-16,2.99,3.02,2.99,3.01,565462.0
2021-08-17,3.0,3.02,2.97,2.97,668337.0
2021-08-18,2.97,3.03,2.96,3.02,879767.0
2021-08-19,3.02,3.02,2.98,2.99,591573.0
2021-08-20,2.99,3.01,2.98,2.99,692318.0
2021-08-23,2.99,3.0,2.98,2.98,517121.0
2021-08-24,2.98,3.0,2.96,2.98,741098.0
2021-08-25,2.99,2.99,2.97,2.97,470719.0
2021-08-26,2.97,2.98,2.96,2.96,464898.0
2021-08-27,2.96,2.98,2.96,2.97,476703.0
2021-08-30,2.96,2.97,2.92,2.93,934393.0
2021-08-31,2.93,2.96,2.92,2.95,778945.0
2021-09-01,2.95,3.03,2.93,3.02,1481314.0
2021-09-02,3.01,3.04,3.0,3.04,982604.0
2021-09-03,3.04,3.18,3.02,3.11,1946397.0
2021-09-06,3.1,3.15,3.09,3.1,999499.0
2021-09-07,3.1,3.14,3.08,3.11,1144661.0
2021-09-08,3.11,3.13,3.1,3.12,1071937.0
2021-09-09,3.12,3.14,3.09,3.13,1229884.0
2021-09-10,3.13,3.2,3.12,3.14,1870340.0
2021-09-13,3.13,3.13,3.09,3.1,1429267.0
2021-09-14,3.11,3.11,3.0,3.01,1933911.0
2021-09-15,3.01,3.02,2.99,3.0,974227.0
2021-09-16,3.0,3.01,2.95,2.96,1433734.0
2021-09-17,2.96,2.97,2.93,2.95,1187576.0
2021-09-22,2.88,2.89,2.84,2.88,1277350.0
2021-09-23,2.91,2.96,2.9,2.92,995239.0
2021-09-24,2.92,2.93,2.88,2.89,794950.0
2021-09-27,2.89,2.9,2.85,2.86,855086.0
2021-09-28,2.87,2.91,2.86,2.89,693759.0
2021-09-29,2.88,2.91,2.86,2.91,856892.0
2021-09-30,2.9,2.91,2.87,2.89,577636.0
2021-10-08,2.91,2.94,2.9,2.94,713378.0
2021-10-11,2.94,2.99,2.93,2.96,791317.0
2021-10-12,2.96,2.97,2.92,2.94,660421.0
2021-10-13,2.94,2.95,2.91,2.92,512210.0
2021-10-14,2.92,2.93,2.89,2.9,482669.0
2021-10-15,2.91,2.91,2.89,2.9,683331.0
2021-10-18,2.89,2.91,2.88,2.9,532466.0
2021-10-19,2.9,2.92,2.89,2.9,611864.0
2021-10-20,2.91,2.92,2.88,2.89,526116.0
2021-10-21,2.89,2.93,2.89,2.93,781703.0
2021-10-22,2.92,2.94,2.91,2.92,849946.0
2021-10-25,2.92,2.93,2.9,2.93,460520.0
2021-10-26,2.93,2.94,2.9,2.9,573591.0
2021-10-27,2.9,2.91,2.86,2.88,607339.0
2021-10-28,2.87,2.88,2.84,2.86,746254.0
2021-10-29,2.86,2.88,2.85,2.87,523767.0
2021-11-01,2.87,2.9,2.86,2.9,605987.0
2021-11-02,2.9,2.91,2.84,2.86,843054.0
2021-11-03,2.86,2.88,2.85,2.86,447350.0
2021-11-04,2.87,2.87,2.85,2.85,503946.0
2021-11-05,2.85,2.86,2.84,2.85,400978.0
2021-11-08,2.86,2.86,2.84,2.85,386280.0
2021-11-09,2.86,2.87,2.85,2.85,382714.0
2021-11-10,2.86,2.86,2.84,2.85,484968.0
2021-11-11,2.86,2.9,2.85,2.9,736235.0
2021-11-12,2.9,2.91,2.88,2.89,568486.0
2021-11-15,2.9,2.92,2.89,2.91,439078.0
2021-11-16,2.91,2.92,2.88,2.9,489454.0
2021-11-17,2.9,2.9,2.88,2.88,393041.0
2021-11-18,2.88,2.89,2.87,2.87,375946.0
2021-11-19,2.88,2.91,2.87,2.9,525388.0
2021-11-22,2.9,2.9,2.88,2.88,415699.0
2021-11-23,2.89,2.9,2.88,2.88,462274.0
2021-11-24,2.89,2.9,2.88,2.89,369220.0
2021-11-25,2.89,2.89,2.87,2.88,339406.0
2021-11-26,2.88,2.89,2.86,2.87,548581.0
2021-11-29,2.86,2.88,2.85,2.87,588539.0
2021-11-30,2.87,2.88,2.86,2.87,415494.0
2021-12-01,2.87,2.89,2.86,2.89,485380.0
2021-12-02,2.89,2.9,2.88,2.89,561982.0
2021-12-03,2.9,2.9,2.88,2.9,537673.0
2021-12-06,2.9,2.92,2.88,2.88,852108.0
2021-12-07,2.9,2.91,2.88,2.9,842484.0
2021-12-08,2.91,2.91,2.88,2.89,733035.0
2021-12-09,2.89,2.93,2.88,2.91,1653650.0
2021-12-10,2.9,2.92,2.88,2.92,2239315.0
2021-12-13,2.91,2.92,2.88,2.89,1763818.0
2021-12-14,2.89,2.89,2.85,2.87,1136880.0
2021-12-15,2.87,2.88,2.86,2.87,494705.0
2021-12-16,2.86,2.88,2.86,2.87,602219.0
2021-12-17,2.87,2.88,2.86,2.87,682440.0
2021-12-20,2.87,2.87,2.85,2.87,625113.0
2021-12-21,2.86,2.9,2.86,2.89,1399603.0
2021-12-22,2.89,2.9,2.87,2.88,586798.0
2021-12-23,2.88,2.89,2.88,2.89,437772.0
2021-12-24,2.89,2.89,2.87,2.87,583174.0
2021-12-27,2.88,2.89,2.87,2.88,595465.0
2021-12-28,2.88,2.89,2.87,2.89,461165.0
2021-12-29,2.89,2.89,2.88,2.88,458071.0
2021-12-30,2.88,2.89,2.87,2.88,587517.0
2021-12-31,2.87,2.89,2.87,2.88,627983.0
2022-01-04,2.88,2.9,2.87,2.89,838850.0
2022-01-05,2.89,2.92,2.89,2.91,1363845.0
2022-01-06,2.9,2.91,2.89,2.9,863065.0
2022-01-07,2.9,2.94,2.89,2.93,1365374.0
2022-01-10,2.93,2.97,2.93,2.95,1159222.0
2022-01-11,2.95,2.99,2.94,2.97,1294236.0
2022-01-12,2.97,2.97,2.93,2.95,1022378.0
2022-01-13,2.94,3.01,2.94,2.98,1339742.0
2022-01-14,2.97,2.98,2.91,2.91,1525276.0
2022-01-17,2.91,2.93,2.91,2.91,612729.0
2022-01-18,2.92,2.95,2.91,2.94,826735.0
2022-01-19,2.93,2.95,2.93,2.94,594075.0
2022-01-20,2.94,2.99,2.93,2.97,1543138.0
2022-01-21,2.96,2.97,2.94,2.95,732514.0
2022-01-24,2.95,2.96,2.93,2.94,811001.0
2022-01-25,2.93,2.94,2.88,2.88,1030619.0
2022-01-26,2.88,2.9,2.87,2.89,646958.0
2022-01-27,2.89,2.89,2.86,2.86,687095.0
2022-01-28,2.87,2.88,2.85,2.86,775527.0
2022-02-07,2.88,2.91,2.87,2.9,784325.0
2022-02-08,2.9,2.98,2.89,2.97,1453430.0
2022-02-09,2.96,2.98,2.95,2.96,1022384.0
2022-02-10,2.96,2.98,2.95,2.97,829103.0
2022-02-11,2.97,3.0,2.97,2.99,1022649.0
2022-02-14,2.98,2.99,2.93,2.94,801696.0
2022-02-15,2.93,2.95,2.9,2.92,788567.0
2022-02-16,2.93,2.95,2.92,2.93,521498.0
2022-02-17,2.93,2.94,2.92,2.92,552525.0
2022-02-18,2.92,2.95,2.91,2.95,573100.0
2022-02-21,2.94,2.96,2.92,2.95,628361.0
2022-02-22,2.95,2.95,2.93,2.94,532924.0
2022-02-23,2.94,2.94,2.92,2.94,522852.0
2022-02-24,2.93,2.94,2.88,2.89,917394.0
2022-02-25,2.89,2.91,2.88,2.89,608925.0
2022-02-28,2.89,2.9,2.87,2.89,560398.0
2022-03-01,2.89,2.9,2.88,2.89,417100.0
2022-03-02,2.89,2.9,2.88,2.89,392873.0
2022-03-03,2.9,2.91,2.89,2.9,474103.0
2022-03-04,2.9,2.9,2.88,2.89,625104.0
2022-03-07,2.89,2.89,2.86,2.87,698801.0
2022-03-08,2.86,2.87,2.82,2.83,1082992.0
2022-03-09,2.83,2.84,2.66,2.75,1480473.0
2022-03-10,2.77,2.78,2.74,2.74,785222.0
2022-03-11,2.73,2.76,2.67,2.75,841981.0
2022-03-14,2.73,2.76,2.72,2.72,718575.0
2022-03-15,2.71,2.72,2.55,2.55,1457070.0
2022-03-16,2.59,2.64,2.5,2.62,1100820.0
2022-03-17,2.63,2.67,2.62,2.65,859353.0
2022-03-18,2.64,2.72,2.62,2.71,911999.0
2022-03-21,2.69,2.7,2.65,2.67,557032.0
2022-03-22,2.66,2.73,2.66,2.72,664321.0
2022-03-23,2.71,2.75,2.7,2.73,652096.0
2022-03-24,2.72,2.75,2.71,2.75,512975.0
2022-03-25,2.75,2.8,2.74,2.79,735430.0
2022-03-28,2.79,2.86,2.76,2.85,771013.0
2022-03-29,2.85,2.87,2.83,2.86,677412.0
2022-03-30,2.79,2.8,2.74,2.8,1353103.0
2022-03-31,2.78,2.83,2.77,2.8,801611.0
2022-04-01,2.79,2.85,2.79,2.84,706085.0
2022-04-06,2.84,2.9,2.83,2.89,992768.0
2022-04-07,2.88,2.89,2.83,2.84,708840.0
2022-04-08,2.84,2.85,2.81,2.84,623500.0
2022-04-11,2.84,2.85,2.76,2.77,915936.0
2022-04-12,2.77,2.8,2.73,2.77,785754.0
2022-04-13,2.77,2.82,2.76,2.8,669249.0
2022-04-14,2.8,2.82,2.79,2.8,414566.0
2022-04-15,2.8,2.82,2.79,2.81,498760.0
2022-04-18,2.8,2.81,2.74,2.75,560630.0
2022-04-19,2.76,2.76,2.73,2.76,480810.0
2022-04-20,2.75,2.76,2.71,2.72,459407.0
2022-04-21,2.72,2.74,2.66,2.68,635695.0
2022-04-22,2.68,2.72,2.66,2.72,548761.0
2022-04-25,2.71,2.74,2.61,2.62,1069554.0
2022-04-26,2.63,2.66,2.6,2.61,733522.0
2022-04-27,2.6,2.62,2.57,2.62,790658.0
2022-04-28,2.62,2.65,2.59,2.62,729805.0
2022-04-29,2.63,2.68,2.6,2.68,745807.0
2022-05-05,2.66,2.67,2.64,2.66,890005.0
2022-05-06,2.63,2.64,2.6,2.6,562630.0
2022-05-09,2.6,2.62,2.59,2.62,374739.0
2022-05-10,2.59,2.64,2.57,2.64,714549.0
2022-05-11,2.63,2.65,2.62,2.64,582216.0
2022-05-12,2.63,2.66,2.62,2.65,601933.0
2022-05-13,2.66,2.69,2.65,2.69,560604.0
2022-05-16,2.69,2.72,2.68,2.71,601746.0
2022-05-17,2.71,2.73,2.7,2.71,389044.0
2022-05-18,2.71,2.74,2.7,2.73,506855.0
2022-05-19,2.72,2.77,2.71,2.77,618869.0
2022-05-20,2.77,2.8,2.74,2.76,641643.0
2022-05-23,2.77,2.77,2.75,2.77,441162.0
2022-05-24,2.78,2.78,2.74,2.75,555910.0
2022-05-25,2.75,2.8,2.75,2.8,547989.0
2022-05-26,2.8,2.82,2.79,2.82,517129.0
2022-05-27,2.82,2.85,2.82,2.84,589553.0
2022-05-30,2.84,2.85,2.77,2.77,459568.0
2022-05-31,2.77,2.79,2.76,2.79,582484.0
2022-06-01,2.78,2.79,2.76,2.76,355836.0
2022-06-02,2.76,2.77,2.69,2.76,801052.0
2022-06-06,2.74,2.78,2.73,2.78,571352.0
2022-06-07,2.78,2.8,2.77,2.79,464052.0
2022-06-08,2.8,2.81,2.78,2.79,417458.0
2022-06-09,2.8,2.82,2.79,2.82,698316.0
2022-06-10,2.81,2.84,2.78,2.83,744182.0
2022-06-13,2.81,2.82,2.79,2.82,618742.0
2022-06-14,2.81,2.88,2.8,2.87,797004.0
2022-06-15,2.88,2.93,2.87,2.88,1087616.0
2022-06-16,2.88,2.89,2.85,2.87,731389.0
2022-06-17,2.86,2.89,2.86,2.89,698757.0
2022-06-20,2.89,2.9,2.87,2.89,700561.0
2022-06-21,2.9,2.91,2.89,2.9,634933.0
2022-06-22,2.91,2.92,2.88,2.88,772828.0
2022-06-23,2.88,2.92,2.88,2.91,988799.0
2022-06-24,2.91,2.93,2.88,2.89,1113775.0
2022-06-27,2.89,2.9,2.87,2.88,708568.0
2022-06-28,2.88,2.89,2.87,2.89,540517.0
2022-06-29,2.89,2.92,2.88,2.91,675120.0
2022-06-30,2.91,2.93,2.9,2.91,524540.0
2022-07-01,2.91,2.93,2.9,2.9,405905.0
2022-07-04,2.9,2.91,2.87,2.89,469428.0
2022-07-05,2.89,2.9,2.87,2.87,458158.0
2022-07-06,2.88,2.88,2.84,2.86,524518.0
2022-07-07,2.86,2.86,2.84,2.85,364615.0
2022-07-08,2.86,2.87,2.85,2.87,334164.0
2022-07-11,2.86,2.9,2.86,2.89,557651.0
2022-07-12,2.88,2.92,2.88,2.91,771986.0
2022-07-13,2.91,2.92,2.89,2.9,577242.0
2022-07-14,2.89,2.9,2.85,2.87,683895.0
2022-07-15,2.86,2.86,2.81,2.81,622753.0
2022-07-18,2.81,2.86,2.81,2.86,474982.0
2022-07-19,2.85,2.86,2.83,2.83,343908.0
2022-07-20,2.84,2.85,2.82,2.83,225239.0
2022-07-21,2.83,2.83,2.81,2.81,351679.0
2022-07-22,2.82,2.83,2.8,2.82,285539.0
2022-07-25,2.82,2.82,2.8,2.8,236122.0
2022-07-26,2.8,2.82,2.8,2.82,348445.0
2022-07-27,2.82,2.84,2.81,2.84,325104.0
2022-07-28,2.84,2.85,2.83,2.85,317875.0
2022-07-29,2.85,2.85,2.82,2.83,352468.0
2022-08-01,2.82,2.83,2.8,2.8,271600.0
2022-08-02,2.79,2.8,2.74,2.77,588652.0
2022-08-03,2.77,2.83,2.76,2.8,520652.0
2022-08-04,2.8,2.84,2.8,2.83,306981.0
2022-08-05,2.83,2.87,2.82,2.87,422486.0
2022-08-08,2.87,2.88,2.82,2.82,308597.0
2022-08-09,2.83,2.83,2.8,2.8,280663.0
2022-08-10,2.8,2.82,2.78,2.78,244039.0
2022-08-11,2.79,2.84,2.78,2.84,300455.0
2022-08-12,2.83,2.84,2.82,2.83,232185.0
2022-08-15,2.83,2.85,2.81,2.81,292384.0
2022-08-16,2.81,2.83,2.8,2.82,247157.0
2022-08-17,2.83,2.85,2.82,2.85,279300.0
2022-08-18,2.84,2.85,2.82,2.84,238942.0
2022-08-19,2.83,2.85,2.8,2.82,461686.0
2022-08-22,2.8,2.82,2.8,2.81,371180.0
2022-08-23,2.81,2.81,2.79,2.79,326185.0
2022-08-24,2.79,2.81,2.78,2.78,322471.0
2022-08-25,2.78,2.8,2.78,2.79,371491.0
2022-08-26,2.8,2.82,2.79,2.81,480049.0
2022-08-29,2.79,2.8,2.76,2.77,592288.0
2022-08-30,2.77,2.79,2.76,2.78,503193.0
2022-08-31,2.78,2.81,2.77,2.79,537344.0
2022-09-01,2.8,2.82,2.79,2.8,415980.0
2022-09-02,2.81,2.82,2.8,2.81,360565.0
2022-09-05,2.81,2.81,2.79,2.81,279758.0
2022-09-06,2.81,2.83,2.8,2.82,625970.0
2022-09-07,2.81,2.82,2.78,2.79,384403.0
2022-09-08,2.79,2.8,2.78,2.78,416856.0
2022-09-09,2.79,2.81,2.78,2.8,475293.0
2022-09-13,2.81,2.82,2.8,2.81,450211.0
2022-09-14,2.8,2.82,2.79,2.8,432656.0
2022-09-15,2.8,2.82,2.79,2.81,615165.0
2022-09-16,2.81,2.81,2.74,2.76,772753.0
2022-09-19,2.76,2.76,2.69,2.7,618586.0
2022-09-20,2.71,2.73,2.69,2.69,380951.0
2022-09-21,2.69,2.71,2.66,2.7,401335.0
2022-09-22,2.69,2.7,2.68,2.69,339203.0
2022-09-23,2.69,2.71,2.68,2.71,494715.0
2022-09-26,2.7,2.71,2.62,2.63,718499.0
2022-09-27,2.63,2.64,2.6,2.63,505250.0
2022-09-28,2.62,2.64,2.59,2.61,664687.0
2022-09-29,2.62,2.63,2.56,2.57,432255.0
2022-09-30,2.57,2.6,2.57,2.58,522522.0
2022-10-10,2.58,2.63,2.57,2.59,534224.0
2022-10-11,2.6,2.61,2.59,2.61,391928.0
2022-10-12,2.6,2.62,2.58,2.62,473254.0
2022-10-13,2.6,2.61,2.58,2.59,341476.0
2022-10-14,2.6,2.63,2.59,2.61,417813.0
2022-10-17,2.6,2.61,2.58,2.6,450309.0
2022-10-18,2.61,2.61,2.58,2.59,456224.0
2022-10-19,2.59,2.6,2.58,2.59,301904.0
2022-10-20,2.59,2.6,2.57,2.57,686638.0
2022-10-21,2.58,2.59,2.54,2.55,584899.0
2022-10-24,2.55,2.56,2.5,2.5,914887.0
2022-10-25,2.5,2.52,2.48,2.51,604683.0
2022-10-26,2.51,2.54,2.5,2.5,463982.0
2022-10-27,2.5,2.52,2.5,2.51,318951.0
2022-10-28,2.51,2.52,2.47,2.48,448162.0
2022-10-31,2.48,2.5,2.46,2.49,491542.0
2022-11-01,2.49,2.54,2.48,2.54,789438.0
2022-11-02,2.53,2.58,2.52,2.56,766511.0
2022-11-03,2.56,2.57,2.55,2.57,597715.0
2022-11-04,2.56,2.62,2.56,2.62,860606.0
2022-11-07,2.61,2.62,2.59,2.6,576388.0
2022-11-08,2.6,2.61,2.58,2.6,708155.0
2022-11-09,2.6,2.61,2.58,2.58,232452.0
2022-11-10,2.58,2.59,2.57,2.58,239428.0
2022-11-11,2.6,2.65,2.6,2.63,616385.0
2022-11-14,2.64,2.68,2.63,2.64,667267.0
2022-11-15,2.64,2.68,2.63,2.67,556149.0
2022-11-16,2.66,2.67,2.63,2.64,310213.0
2022-11-17,2.63,2.64,2.6,2.62,424310.0
2022-11-18,2.62,2.62,2.59,2.59,712037.0
2022-11-21,2.59,2.62,2.56,2.6,740665.0
2022-11-22,2.59,2.66,2.59,2.65,892588.0
2022-11-23,2.66,2.7,2.63,2.65,1023888.0
2022-11-24,2.66,2.67,2.64,2.66,655282.0
2022-11-25,2.65,2.72,2.64,2.71,1043808.0
2022-11-28,2.69,2.7,2.63,2.64,828448.0
2022-11-29,2.65,2.74,2.65,2.71,1064457.0
2022-11-30,2.72,2.75,2.7,2.71,806091.0
2022-12-01,2.73,2.75,2.69,2.7,671876.0
2022-12-02,2.7,2.71,2.68,2.68,499740.0
2022-12-05,2.7,2.75,2.69,2.74,820216.0
2022-12-06,2.73,2.78,2.73,2.77,695483.0
2022-12-07,2.77,2.79,2.74,2.75,668565.0
2022-12-08,2.74,2.78,2.74,2.75,459535.0
2022-12-09,2.76,2.78,2.75,2.76,565189.0
2022-12-12,2.76,2.77,2.69,2.7,592123.0
2022-12-13,2.71,2.72,2.69,2.7,660177.0
2022-12-14,2.71,2.71,2.68,2.7,659405.0
2022-12-15,2.69,2.7,2.66,2.66,524391.0
2022-12-16,2.65,2.7,2.65,2.7,622704.0
2022-12-19,2.7,2.71,2.63,2.64,595640.0
2022-12-20,2.63,2.66,2.61,2.61,526398.0
2022-12-21,2.61,2.63,2.6,2.61,353545.0
2022-12-22,2.62,2.64,2.6,2.62,286367.0
2022-12-23,2.61,2.63,2.6,2.6,311710.0
2022-12-26,2.61,2.62,2.58,2.59,355975.0
2022-12-27,2.59,2.63,2.59,2.62,341616.0
2022-12-28,2.61,2.64,2.61,2.62,365680.0
2022-12-29,2.62,2.64,2.59,2.62,501287.0
2022-12-30,2.62,2.66,2.61,2.64,459903.0
2023-01-03,2.65,2.65,2.61,2.63,584775.0
2023-01-04,2.64,2.67,2.63,2.66,553693.0
2023-01-05,2.66,2.68,2.66,2.67,510021.0
2023-01-06,2.68,2.68,2.64,2.66,500410.0
2023-01-09,2.66,2.67,2.64,2.65,525178.0
2023-01-10,2.66,2.66,2.62,2.62,474141.0
2023-01-11,2.63,2.64,2.62,2.63,496084.0
2023-01-12,2.62,2.63,2.6,2.6,421778.0
2023-01-13,2.6,2.64,2.6,2.64,416736.0
2023-01-16,2.64,2.68,2.63,2.66,664941.0
2023-01-17,2.67,2.67,2.64,2.66,355759.0
2023-01-18,2.66,2.67,2.65,2.67,344561.0
2023-01-19,2.66,2.68,2.64,2.67,341391.0
2023-01-20,2.67,2.69,2.66,2.69,453582.0
2023-01-30,2.71,2.72,2.68,2.69,564052.0
2023-01-31,2.68,2.69,2.67,2.68,497957.0
2023-02-01,2.68,2.69,2.66,2.69,561743.0
2023-02-02,2.69,2.69,2.66,2.67,507805.0
2023-02-03,2.67,2.68,2.63,2.64,642294.0
2023-02-06,2.63,2.64,2.62,2.62,463464.0
2023-02-07,2.63,2.64,2.62,2.63,501448.0
2023-02-08,2.64,2.64,2.62,2.63,314077.0
2023-02-09,2.62,2.64,2.62,2.64,378109.0
2023-02-10,2.64,2.64,2.63,2.63,302648.0
2023-02-13,2.64,2.64,2.62,2.63,434533.0
2023-02-14,2.64,2.65,2.63,2.64,501722.0
2023-02-15,2.65,2.65,2.63,2.63,277982.0
2023-02-16,2.63,2.65,2.62,2.62,536400.0
2023-02-17,2.63,2.64,2.61,2.61,443568.0
2023-02-20,2.62,2.64,2.61,2.64,558119.0
2023-02-21,2.64,2.65,2.63,2.65,815626.0
2023-02-22,2.64,2.64,2.62,2.62,556866.0
2023-02-23,2.63,2.63,2.62,2.62,345547.0
2023-02-24,2.62,2.63,2.6,2.6,512031.0
2023-02-27,2.6,2.61,2.59,2.59,403703.0
2023-02-28,2.59,2.61,2.59,2.6,396667.0
2023-03-01,2.6,2.63,2.59,2.62,547583.0
2023-03-02,2.62,2.63,2.61,2.62,647511.0
2023-03-03,2.62,2.65,2.62,2.65,1003273.0
2023-03-06,2.65,2.65,2.62,2.63,800299.0
2023-03-07,2.63,2.68,2.62,2.64,1691214.0
2023-03-08,2.63,2.64,2.61,2.63,703919.0
2023-03-09,2.63,2.65,2.62,2.62,570786.0
2023-03-10,2.62,2.63,2.59,2.59,618669.0
2023-03-13,2.58,2.6,2.57,2.59,803423.0
2023-03-14,2.58,2.59,2.56,2.57,609039.0
2023-03-15,2.58,2.59,2.57,2.58,465693.0
2023-03-16,2.58,2.62,2.57,2.59,833943.0
2023-03-17,2.6,2.62,2.58,2.58,1045046.0
2023-03-20,2.58,2.62,2.58,2.59,864722.0
2023-03-21,2.6,2.62,2.59,2.59,588677.0
2023-03-22,2.6,2.62,2.59,2.61,610390.0
2023-03-23,2.61,2.65,2.61,2.65,947622.0
2023-03-24,2.65,2.65,2.63,2.63,579921.0
2023-03-27,2.64,2.65,2.61,2.62,585945.0
2023-03-28,2.63,2.64,2.61,2.63,557467.0
2023-03-29,2.63,2.65,2.62,2.62,517393.0
2023-03-30,2.63,2.67,2.62,2.67,910831.0
2023-03-31,2.66,2.67,2.63,2.64,618896.0
2023-04-03,2.64,2.65,2.63,2.64,598282.0
2023-04-04,2.65,2.66,2.64,2.66,512142.0
2023-04-06,2.66,2.66,2.64,2.65,327020.0
2023-04-07,2.64,2.65,2.64,2.65,262897.0
2023-04-10,2.65,2.65,2.64,2.65,356302.0
2023-04-11,2.65,2.65,2.64,2.64,427409.0
2023-04-12,2.65,2.66,2.64,2.66,423709.0
2023-04-13,2.66,2.68,2.65,2.67,601681.0
2023-04-14,2.67,2.68,2.66,2.67,512186.0
2023-04-17,2.67,2.71,2.66,2.71,740143.0
2023-04-18,2.7,2.77,2.7,2.76,1077367.0
2023-04-19,2.76,2.81,2.75,2.76,967874.0
2023-04-20,2.77,2.8,2.75,2.8,854366.0
2023-04-21,2.8,2.81,2.74,2.75,1010569.0
2023-04-24,2.75,2.79,2.75,2.75,701048.0
2023-04-25,2.76,2.81,2.75,2.81,1019303.0
2023-04-26,2.81,2.81,2.75,2.78,755679.0
2023-04-27,2.78,2.81,2.78,2.81,730504.0
2023-04-28,2.8,2.84,2.79,2.82,826077.0
2023-05-04,2.85,3.18,2.84,3.18,5353214.0
2023-05-05,3.28,3.43,3.24,3.34,8425878.0
2023-05-08,3.32,3.71,3.32,3.63,9120823.0
2023-05-09,3.63,3.67,3.46,3.49,6806959.0
2023-05-10,3.49,3.51,3.31,3.37,4425141.0
2023-05-11,3.34,3.44,3.33,3.34,2418869.0
2023-05-12,3.32,3.37,3.27,3.28,2048907.0
2023-05-15,3.28,3.3,3.16,3.28,2444561.0
2023-05-16,3.29,3.33,3.23,3.25,1739689.0
2023-05-17,3.24,3.27,3.19,3.23,1119318.0
2023-05-18,3.25,3.31,3.23,3.25,1723111.0
2023-05-19,3.25,3.25,3.19,3.22,1400800.0
2023-05-22,3.21,3.26,3.21,3.24,1328929.0
2023-05-23,3.24,3.27,3.16,3.17,1349749.0
2023-05-24,3.17,3.17,3.09,3.1,1881181.0
2023-05-25,3.08,3.11,3.06,3.1,1130689.0
2023-05-26,3.11,3.13,3.04,3.09,979945.0
2023-05-29,3.1,3.16,3.09,3.13,1008649.0
2023-05-30,3.12,3.15,3.09,3.11,931577.0
2023-05-31,3.11,3.16,3.09,3.15,939957.0
2023-06-01,3.13,3.14,3.08,3.1,963049.0
2023-06-02,3.11,3.13,3.09,3.12,672887.0
2023-06-05,3.12,3.2,3.1,3.19,977753.0
2023-06-06,3.18,3.22,3.14,3.15,800018.0
2023-06-07,3.15,3.2,3.15,3.17,571407.0
2023-06-08,3.18,3.25,3.14,3.24,1115278.0
2023-06-09,3.23,3.25,3.19,3.2,765488.0
2023-06-12,3.21,3.21,3.15,3.15,872744.0
2023-06-13,3.15,3.17,3.13,3.15,615905.0
2023-06-14,3.16,3.17,3.11,3.12,826286.0
2023-06-15,3.12,3.14,3.11,3.13,538279.0
2023-06-16,3.13,3.16,3.12,3.13,840944.0
2023-06-19,3.13,3.14,3.09,3.09,788571.0
2023-06-20,3.1,3.11,3.08,3.09,614344.0
2023-06-21,3.09,3.17,3.08,3.11,1114780.0
2023-06-26,3.12,3.12,3.04,3.07,1106436.0
2023-06-27,3.07,3.16,3.05,3.14,842975.0
2023-06-28,3.14,3.16,3.11,3.12,450617.0
2023-06-29,3.12,3.15,3.1,3.14,405681.0
2023-06-30,3.14,3.17,3.13,3.15,443688.0
2023-07-03,3.15,3.21,3.15,3.2,582536.0
2023-07-04,3.2,3.21,3.15,3.17,425676.0
2023-07-05,3.16,3.18,3.15,3.15,337559.0
2023-07-06,3.15,3.17,3.13,3.14,415023.0
2023-07-07,3.14,3.18,3.14,3.17,466109.0
2023-07-10,3.17,3.18,3.12,3.13,470425.0
2023-07-11,3.13,3.18,3.12,3.18,480244.0
2023-07-12,3.17,3.2,3.16,3.17,404604.0
2023-07-13,3.18,3.22,3.17,3.22,436511.0
2023-07-14,3.21,3.27,3.21,3.26,663782.0
2023-07-17,3.24,3.28,3.22,3.28,476953.0
2023-07-18,3.28,3.31,3.25,3.29,599551.0
2023-07-19,3.29,3.33,3.27,3.32,495984.0
2023-07-20,3.32,3.35,3.3,3.31,574999.0
2023-07-21,3.31,3.33,3.3,3.33,457141.0
2023-07-24,3.32,3.34,3.3,3.31,449802.0
2023-07-25,3.32,3.36,3.32,3.33,666399.0
2023-07-26,3.33,3.35,3.31,3.33,491617.0
2023-07-27,3.33,3.37,3.33,3.34,526740.0
2023-07-28,3.34,3.43,3.33,3.42,1253627.0
2023-07-31,3.42,3.46,3.39,3.42,1086765.0
2023-08-01,3.42,3.43,3.39,3.41,714089.0
2023-08-02,3.41,3.41,3.34,3.36,1055062.0
2023-08-03,3.35,3.4,3.35,3.4,740670.0
2023-08-04,3.4,3.44,3.38,3.39,1096513.0
2023-08-07,3.38,3.39,3.34,3.37,778845.0
2023-08-08,3.35,3.39,3.34,3.36,622379.0
2023-08-09,3.36,3.41,3.35,3.4,858940.0
2023-08-10,3.4,3.42,3.37,3.42,643116.0
2023-08-11,3.43,3.44,3.35,3.36,815995.0
2023-08-14,3.33,3.33,3.27,3.28,925233.0
2023-08-15,3.29,3.41,3.29,3.39,1285788.0
2023-08-16,3.38,3.42,3.34,3.38,696025.0
2023-08-17,3.38,3.4,3.32,3.34,946249.0
2023-08-18,3.34,3.42,3.33,3.37,973396.0
2023-08-21,3.37,3.4,3.32,3.32,798564.0
2023-08-22,3.33,3.4,3.32,3.39,928930.0
2023-08-23,3.39,3.42,3.37,3.39,875038.0
2023-08-24,3.38,3.4,3.34,3.36,765842.0
2023-08-25,3.35,3.42,3.35,3.4,911753.0
2023-08-28,3.52,3.56,3.4,3.41,1620797.0
2023-08-29,3.41,3.43,3.35,3.37,1146832.0
2023-08-30,3.36,3.38,3.32,3.33,726038.0
2023-08-31,3.29,3.31,3.18,3.18,1770178.0
2023-09-01,3.19,3.24,3.18,3.22,579065.0
2023-09-04,3.23,3.32,3.22,3.28,803547.0
2023-09-05,3.28,3.28,3.22,3.22,585080.0
2023-09-06,3.22,3.23,3.19,3.2,554196.0
2023-09-07,3.2,3.2,3.16,3.18,656405.0
2023-09-08,3.17,3.19,3.16,3.18,425843.0
2023-09-11,3.19,3.21,3.18,3.2,718428.0
2023-09-12,3.2,3.21,3.18,3.19,387477.0
2023-09-13,3.19,3.21,3.18,3.18,444131.0
2023-09-14,3.19,3.26,3.18,3.25,974465.0
2023-09-15,3.24,3.26,3.18,3.18,810788.0
2023-09-18,3.19,3.2,3.16,3.2,571208.0
2023-09-19,3.19,3.24,3.19,3.23,874584.0
2023-09-20,3.23,3.27,3.22,3.25,596696.0
2023-09-21,3.25,3.27,3.22,3.22,594501.0
2023-09-22,3.23,3.24,3.19,3.23,654719.0
2023-09-25,3.23,3.27,3.22,3.25,709783.0
2023-09-26,3.26,3.26,3.22,3.22,369805.0
2023-09-27,3.23,3.25,3.21,3.22,416873.0
2023-09-28,3.22,3.25,3.21,3.24,440391.0
2023-10-09,3.2,3.21,3.05,3.06,1426697.0
2023-10-10,3.07,3.09,3.03,3.05,685362.0
2023-10-11,3.05,3.13,3.05,3.11,833800.0
2023-10-12,3.14,3.18,3.13,3.14,885195.0
2023-10-13,3.14,3.17,3.12,3.14,607536.0
2023-10-16,3.15,3.18,3.13,3.17,659905.0
2023-10-17,3.18,3.19,3.16,3.17,481768.0
2023-10-18,3.17,3.19,3.15,3.15,422585.0
2023-10-19,3.14,3.15,3.05,3.05,795764.0
2023-10-20,3.04,3.08,3.03,3.05,619532.0
2023-10-23,3.05,3.08,3.01,3.04,579019.0
2023-10-24,3.04,3.06,2.98,2.99,805478.0
2023-10-25,3.01,3.06,2.99,3.06,647472.0
2023-10-26,3.04,3.1,3.03,3.09,584836.0
2023-10-27,3.09,3.1,3.06,3.06,420271.0
2023-10-30,3.06,3.06,3.0,3.01,713237.0
2023-10-31,3.02,3.13,3.01,3.12,1161791.0
2023-11-01,3.13,3.15,3.09,3.13,649373.0
2023-11-02,3.13,3.21,3.13,3.2,987338.0
2023-11-03,3.21,3.23,3.18,3.19,757009.0
2023-11-06,3.21,3.22,3.16,3.19,799921.0
2023-11-07,3.2,3.25,3.19,3.23,698320.0
2023-11-08,3.23,3.25,3.19,3.2,594515.0
2023-11-09,3.2,3.26,3.19,3.24,624922.0
2023-11-10,3.23,3.25,3.2,3.21,608308.0
2023-11-13,3.22,3.23,3.19,3.22,537046.0
2023-11-14,3.22,3.28,3.21,3.25,617134.0
2023-11-15,3.26,3.27,3.22,3.23,400746.0
2023-11-16,3.24,3.27,3.23,3.25,752950.0
2023-11-17,3.24,3.25,3.2,3.2,518506.0
2023-11-20,3.22,3.24,3.2,3.23,450705.0
2023-11-21,3.22,3.26,3.22,3.24,554631.0
2023-11-22,3.25,3.26,3.23,3.23,402951.0
2023-11-23,3.24,3.24,3.21,3.23,394117.0
2023-11-24,3.24,3.26,3.22,3.23,495294.0
2023-11-27,3.23,3.26,3.19,3.25,684177.0
2023-11-28,3.25,3.26,3.23,3.24,364165.0
2023-11-29,3.24,3.24,3.19,3.19,472653.0
2023-11-30,3.19,3.26,3.18,3.25,808730.0
2023-12-01,3.25,3.27,3.23,3.27,641066.0
2023-12-04,3.26,3.3,3.26,3.27,583758.0
2023-12-05,3.27,3.28,3.21,3.23,597749.0
2023-12-06,3.22,3.23,3.14,3.19,765522.0
2023-12-07,3.2,3.23,3.16,3.21,601818.0
2023-12-08,3.2,3.26,3.18,3.22,806546.0
2023-12-11,3.22,3.23,3.14,3.21,830122.0
2023-12-12,3.21,3.26,3.19,3.25,597757.0
2023-12-13,3.26,3.27,3.22,3.22,416676.0
2023-12-14,3.25,3.25,3.19,3.19,439027.0
2023-12-15,3.21,3.22,3.15,3.15,665857.0
2023-12-18,3.15,3.21,3.14,3.2,684983.0
2023-12-19,3.19,3.21,3.17,3.19,528349.0
2023-12-20,3.2,3.24,3.2,3.2,626765.0
2023-12-21,3.19,3.19,3.14,3.18,740817.0
2023-12-22,3.2,3.22,3.17,3.17,634432.0
2023-12-25,3.17,3.22,3.17,3.2,620433.0
2023-12-26,3.21,3.21,3.17,3.18,412485.0
2023-12-27,3.18,3.19,3.12,3.14,674248.0
2023-12-28,3.14,3.18,3.13,3.14,1018612.0
2023-12-29,3.15,3.16,3.14,3.14,587559.0
2024-01-02,3.14,3.19,3.13,3.16,793864.0
2024-01-03,3.16,3.17,3.14,3.16,687604.0
2024-01-04,3.15,3.17,3.13,3.16,771848.0
2024-01-05,3.16,3.25,3.15,3.21,1511594.0
2024-01-08,3.19,3.23,3.15,3.16,1031995.0
2024-01-09,3.16,3.2,3.13,3.2,930880.0
2024-01-10,3.19,3.22,3.16,3.16,590957.0
2024-01-11,3.16,3.17,3.12,3.12,895104.0
2024-01-12,3.12,3.16,3.12,3.14,552545.0
2024-01-15,3.13,3.16,3.11,3.14,652057.0
2024-01-16,3.14,3.23,3.13,3.23,1339571.0
2024-01-17,3.22,3.26,3.2,3.21,1091382.0
2024-01-18,3.21,3.22,3.05,3.15,2055054.0
2024-01-19,3.14,3.18,3.1,3.17,1260067.0
2024-01-22,3.16,3.21,3.12,3.14,1665846.0
2024-01-23,3.13,3.16,3.09,3.14,921808.0
2024-01-24,3.15,3.24,3.15,3.23,1322484.0
2024-01-25,3.24,3.29,3.23,3.28,1136924.0
2024-01-26,3.29,3.4,3.29,3.4,1643141.0
2024-01-29,3.4,3.43,3.35,3.38,1268293.0
2024-01-30,3.37,3.41,3.33,3.36,1166387.0
2024-01-31,3.35,3.38,3.31,3.35,1026382.0
2024-02-01,3.34,3.36,3.29,3.32,1151685.0
2024-02-02,3.33,3.39,3.29,3.35,1523504.0
2024-02-05,3.35,3.39,3.31,3.35,1895752.0
2024-02-06,3.35,3.38,3.31,3.37,1677961.0
2024-02-07,3.37,3.38,3.3,3.36,1954459.0
2024-02-08,3.35,3.36,3.25,3.35,1807938.0
2024-02-19,3.35,3.41,3.34,3.41,1443696.0
2024-02-20,3.4,3.49,3.39,3.48,1202319.0
2024-02-21,3.48,3.56,3.46,3.51,1453591.0
2024-02-22,3.51,3.55,3.48,3.51,891583.0
2024-02-23,3.52,3.58,3.51,3.53,912853.0
2024-02-26,3.52,3.54,3.41,3.42,1059138.0
2024-02-27,3.42,3.46,3.41,3.44,612789.0
2024-02-28,3.44,3.48,3.41,3.45,968689.0
2024-02-29,3.44,3.46,3.42,3.44,1032670.0
2024-03-01,3.44,3.47,3.43,3.46,957589.0
2024-03-04,3.45,3.46,3.41,3.42,829798.0
2024-03-05,3.42,3.49,3.41,3.47,1237954.0
2024-03-06,3.48,3.5,3.46,3.47,687520.0
2024-03-07,3.46,3.5,3.45,3.48,734688.0
2024-03-08,3.48,3.5,3.46,3.47,580815.0
2024-03-11,3.47,3.49,3.43,3.45,776538.0
2024-03-12,3.44,3.45,3.41,3.42,843115.0
2024-03-13,3.41,3.42,3.37,3.37,660939.0
2024-03-14,3.37,3.39,3.35,3.35,661428.0
2024-03-15,3.36,3.39,3.35,3.39,761983.0
2024-03-18,3.38,3.41,3.37,3.38,641966.0
2024-03-19,3.38,3.39,3.35,3.35,550908.0
2024-03-20,3.35,3.37,3.32,3.36,625593.0
2024-03-21,3.36,3.4,3.35,3.36,634321.0
2024-03-22,3.37,3.37,3.32,3.36,794847.0
2024-03-25,3.36,3.39,3.33,3.37,746688.0
2024-03-26,3.37,3.41,3.36,3.41,920811.0
2024-03-27,3.41,3.5,3.4,3.47,1561572.0
2024-03-28,3.47,3.49,3.42,3.46,1302473.0
2024-03-29,3.44,3.52,3.43,3.45,1145288.0
2024-04-01,3.45,3.47,3.41,3.42,999637.0
2024-04-02,3.42,3.48,3.42,3.46,1099158.0
2024-04-03,3.46,3.47,3.41,3.43,699962.0
2024-04-08,3.43,3.45,3.41,3.41,938462.0
2024-04-09,3.42,3.43,3.36,3.38,1071543.0
2024-04-10,3.37,3.41,3.36,3.37,755822.0
2024-04-11,3.36,3.37,3.32,3.34,819961.0
2024-04-12,3.35,3.38,3.3,3.31,851417.0
2024-04-15,3.32,3.38,3.28,3.38,1166889.0
2024-04-16,3.38,3.39,3.33,3.35,1323732.0
2024-04-17,3.35,3.43,3.32,3.43,1515884.0
2024-04-18,3.42,3.5,3.41,3.46,1664801.0
2024-04-19,3.45,3.48,3.42,3.43,929685.0
2024-04-22,3.44,3.47,3.37,3.39,1206208.0
2024-04-23,3.39,3.42,3.36,3.36,941368.0
2024-04-24,3.37,3.38,3.34,3.37,767977.0
2024-04-25,3.36,3.39,3.34,3.38,766039.0
2024-04-26,3.38,3.4,3.32,3.35,1362933.0
2024-04-29,3.35,3.4,3.32,3.38,1413450.0
2024-04-30,3.36,3.4,3.35,3.35,1252639.0
2024-05-06,3.37,3.39,3.31,3.32,2228357.0
2024-05-07,3.32,3.33,3.28,3.3,1627462.0
2024-05-08,3.3,3.32,3.28,3.28,862516.0
2024-05-09,3.28,3.3,3.28,3.29,1168159.0
2024-05-10,3.3,3.32,3.29,3.31,1287363.0
2024-05-13,3.3,3.32,3.28,3.3,1157424.0
2024-05-14,3.3,3.32,3.28,3.29,1097499.0
2024-05-15,3.29,3.3,3.27,3.28,888603.0
2024-05-16,3.28,3.32,3.27,3.3,1747881.0
2024-05-17,3.31,3.36,3.3,3.36,1951195.0
2024-05-20,3.37,3.41,3.36,3.37,1959064.0
2024-05-21,3.38,3.4,3.36,3.39,1485160.0
2024-05-22,3.39,3.44,3.39,3.43,2024862.0
2024-05-23,3.43,3.44,3.38,3.39,1457333.0
2024-05-24,3.39,3.42,3.37,3.38,1103712.0
2024-05-27,3.38,3.4,3.36,3.38,1335784.0
2024-05-28,3.38,3.39,3.33,3.34,1298766.0
2024-05-29,3.34,3.37,3.31,3.31,1288325.0
2024-05-30,3.31,3.33,3.28,3.29,1281648.0
2024-05-31,3.3,3.32,3.29,3.31,1287699.0
2024-06-03,3.3,3.32,3.24,3.26,1928024.0
2024-06-04,3.25,3.27,3.24,3.26,948137.0
2024-06-05,3.27,3.27,3.23,3.24,863640.0
2024-06-06,3.24,3.25,3.2,3.21,1109104.0
2024-06-07,3.21,3.25,3.21,3.25,1001192.0
2024-06-11,3.24,3.26,3.18,3.19,1456149.0
2024-06-12,3.2,3.21,3.15,3.2,1241617.0
2024-06-13,3.2,3.21,3.16,3.17,1408735.0
2024-06-14,3.17,3.19,3.14,3.17,2186298.0
2024-06-17,3.17,3.17,3.11,3.13,1529566.0
2024-06-18,3.13,3.15,3.11,3.15,942195.0
2024-06-19,3.15,3.19,3.14,3.17,1106365.0
2024-06-20,3.17,3.18,3.12,3.13,775384.0
2024-06-21,3.13,3.14,3.11,3.13,1110633.0
2024-06-24,3.11,3.12,3.05,3.08,1337966.0
2024-06-25,3.09,3.13,3.08,3.1,1412964.0
2024-06-26,3.1,3.15,3.1,3.14,1010121.0
2024-06-27,3.15,3.19,3.13,3.16,1482083.0
2024-06-28,3.17,3.21,3.15,3.19,1176255.0
2024-07-01,3.18,3.22,3.17,3.21,935028.0
2024-07-02,3.21,3.28,3.2,3.27,1528141.0
2024-07-03,3.27,3.28,3.24,3.26,1354783.0
2024-07-04,3.26,3.28,3.24,3.25,1167485.0
2024-07-05,3.26,3.27,3.21,3.23,1334232.0
2024-07-08,3.24,3.28,3.23,3.25,1150010.0
2024-07-09,3.26,3.28,3.21,3.27,1239270.0
2024-07-10,3.27,3.33,3.27,3.29,1377097.0
2024-07-11,3.31,3.33,3.26,3.29,1355624.0
2024-07-12,3.3,3.36,3.29,3.35,1587540.0
2024-07-15,3.35,3.39,3.33,3.38,1105401.0
2024-07-16,3.38,3.4,3.36,3.39,1116933.0
2024-07-17,3.39,3.43,3.38,3.42,1300355.0
2024-07-18,3.42,3.43,3.37,3.42,1045075.0
2024-07-19,3.41,3.42,3.36,3.41,1449112.0
2024-07-22,3.41,3.41,3.35,3.38,1245129.0
2024-07-23,3.37,3.41,3.35,3.36,1207081.0
2024-07-24,3.35,3.36,3.27,3.28,2384823.0
2024-07-25,3.27,3.27,3.09,3.18,4363946.0
2024-07-26,3.12,3.18,3.12,3.15,2383459.0
2024-07-29,3.15,3.23,3.13,3.23,1974287.0
2024-07-30,3.22,3.23,3.15,3.16,1766281.0
2024-07-31,3.17,3.2,3.16,3.17,1857781.0
2024-08-01,3.17,3.2,3.14,3.16,1812424.0
2024-08-02,3.15,3.17,3.14,3.15,1400899.0
2024-08-05,3.14,3.15,3.1,3.11,1745279.0
2024-08-06,3.12,3.14,3.07,3.1,1488807.0
2024-08-07,3.09,3.11,3.07,3.08,1110397.0
2024-08-08,3.08,3.08,3.05,3.06,1323471.0
2024-08-09,3.06,3.09,3.06,3.06,1072610.0
2024-08-12,3.06,3.07,3.01,3.02,1539229.0
2024-08-13,3.02,3.05,3.02,3.05,1169080.0
2024-08-14,3.04,3.06,3.02,3.02,1201515.0
2024-08-15,3.03,3.08,3.02,3.07,1465072.0
2024-08-16,3.07,3.11,3.06,3.09,1565761.0
2024-08-19,3.09,3.14,3.08,3.13,1689356.0
2024-08-20,3.13,3.14,3.09,3.1,1746903.0
2024-08-21,3.09,3.11,3.05,3.09,1275229.0
2024-08-22,3.09,3.13,3.08,3.11,1503333.0
2024-08-23,3.1,3.11,3.07,3.1,1548782.0
2024-08-26,3.1,3.13,3.08,3.12,1324395.0
2024-08-27,3.12,3.14,3.09,3.11,1304122.0
2024-08-28,3.11,3.12,3.08,3.1,1060965.0
2024-08-29,3.1,3.1,3.03,3.03,1726976.0
2024-08-30,3.04,3.09,3.03,3.05,1995788.0
2024-09-02,3.05,3.13,3.05,3.1,2193344.0
2024-09-03,3.1,3.11,3.03,3.05,1545414.0
2024-09-04,3.04,3.07,3.03,3.03,1097104.0
2024-09-05,3.03,3.04,3.02,3.03,836096.0
2024-09-06,3.04,3.06,3.02,3.03,938245.0
2024-09-09,3.03,3.03,2.93,2.93,2255688.0
2024-09-10,2.94,2.96,2.91,2.94,1404983.0
2024-09-11,2.93,2.94,2.87,2.89,1311317.0
2024-09-12,2.89,2.97,2.88,2.96,1472530.0
2024-09-13,2.96,3.0,2.94,2.94,1140858.0
2024-09-18,2.97,3.0,2.95,3.0,1063723.0
2024-09-19,3.0,3.04,2.99,3.03,1154393.0
2024-09-20,3.04,3.07,3.02,3.05,1384747.0
2024-09-23,3.06,3.14,3.05,3.12,1719314.0
2024-09-24,3.13,3.2,3.12,3.19,2152787.0
2024-09-25,3.23,3.3,3.21,3.27,3034274.0
2024-09-26,3.26,3.41,3.25,3.41,3188645.0
2024-09-27,3.46,3.53,3.35,3.42,2805851.0
2024-09-30,3.48,3.66,3.47,3.64,6277889.0
2024-10-08,4.03,4.03,3.64,3.75,7168226.0
2024-10-09,3.7,3.7,3.45,3.46,5319112.0
2024-10-10,3.49,3.67,3.47,3.59,4142939.0
2024-10-11,3.61,3.64,3.49,3.51,2573953.0
2024-10-14,3.57,3.63,3.55,3.59,3343614.0
2024-10-15,3.58,3.62,3.52,3.52,2636831.0
2024-10-16,3.49,3.6,3.48,3.57,2795998.0
2024-10-17,3.57,3.6,3.51,3.51,2329508.0
2024-10-18,3.51,3.57,3.44,3.53,3146244.0
2024-10-21,3.53,3.54,3.49,3.53,2210773.0
2024-10-22,3.52,3.56,3.5,3.52,1480788.0
2024-10-23,3.53,3.54,3.51,3.52,1443081.0
2024-10-24,3.52,3.56,3.51,3.53,1413419.0
2024-10-25,3.52,3.53,3.5,3.51,1622166.0
2024-10-28,3.51,3.51,3.45,3.5,1619588.0
2024-10-29,3.51,3.55,3.46,3.47,2202714.0
2024-10-30,3.46,3.49,3.41,3.44,1845285.0
2024-10-31,3.4,3.42,3.36,3.4,2502618.0
2024-11-01,3.4,3.43,3.39,3.41,1979544.0
2024-11-04,3.41,3.44,3.37,3.44,1663766.0
2024-11-05,3.43,3.49,3.43,3.49,2094399.0
2024-11-06,3.5,3.51,3.47,3.49,1519243.0
2024-11-07,3.48,3.58,3.47,3.58,2500558.0
2024-11-08,3.6,3.62,3.53,3.55,2087753.0
2024-11-11,3.55,3.56,3.51,3.55,1804377.0
2024-11-12,3.54,3.58,3.51,3.51,1991913.0
2024-11-13,3.53,3.57,3.52,3.55,1835643.0
2024-11-14,3.55,3.57,3.52,3.52,1969454.0
2024-11-15,3.52,3.57,3.5,3.52,1848907.0
2024-11-18,3.58,3.9,3.57,3.8,8869128.0
2024-11-19,3.85,4.1,3.78,3.91,10180509.0
2024-11-20,3.85,3.92,3.77,3.81,6047231.0
2024-11-21,3.79,3.82,3.71,3.74,3799067.0
2024-11-22,3.73,3.75,3.62,3.62,3272864.0
2024-11-25,3.63,3.67,3.62,3.64,2801666.0
2024-11-26,3.64,3.7,3.61,3.68,2378417.0
2024-11-27,3.66,3.7,3.62,3.7,2035436.0
2024-11-28,3.68,3.72,3.67,3.69,1745082.0
2024-11-29,3.69,3.79,3.69,3.71,3062647.0
2024-12-02,3.71,3.74,3.68,3.73,2197577.0
2024-12-03,3.72,3.79,3.72,3.79,2542357.0
2024-12-04,3.79,3.82,3.76,3.8,2464741.0
2024-12-05,3.78,3.81,3.76,3.77,1810655.0
2024-12-06,3.78,3.84,3.77,3.81,2248575.0
2024-12-09,3.82,3.85,3.79,3.82,2009601.0
2024-12-10,3.88,3.91,3.82,3.84,2496579.0
2024-12-11,3.83,3.86,3.79,3.81,2092971.0
2024-12-12,3.82,3.89,3.8,3.89,3177846.0
2024-12-13,3.88,3.9,3.8,3.81,3936916.0
2024-12-16,3.8,3.86,3.79,3.82,2500939.0
2024-12-17,3.83,3.85,3.76,3.77,2398697.0
2024-12-18,3.79,3.86,3.78,3.82,2202409.0
2024-12-19,3.8,3.82,3.75,3.78,2066204.0
2024-12-20,3.78,3.8,3.76,3.78,1589200.0
2024-12-23,3.79,3.85,3.78,3.82,2390657.0
2024-12-24,3.82,3.86,3.81,3.85,1888896.0
2024-12-25,3.86,3.91,3.85,3.87,2165076.0
2024-12-26,3.86,3.88,3.82,3.83,1461696.0
2024-12-27,3.83,3.86,3.8,3.85,1836502.0
2024-12-30,3.85,3.95,3.85,3.94,3094325.0
2024-12-31,3.94,4.03,3.87,3.88,3084614.0
2025-01-02,3.89,3.93,3.74,3.76,3683967.0
2025-01-03,3.77,3.8,3.72,3.75,2602005.0
2025-01-06,3.76,3.78,3.68,3.77,2300340.0
2025-01-07,3.76,3.81,3.74,3.81,1652008.0
2025-01-08,3.81,3.85,3.76,3.79,2408227.0
2025-01-09,3.8,3.8,3.74,3.75,1762826.0
2025-01-10,3.75,3.77,3.71,3.72,1626790.0
2025-01-13,3.71,3.72,3.64,3.68,1810444.0
2025-01-14,3.69,3.77,3.68,3.77,1959509.0
2025-01-15,3.77,3.83,3.76,3.78,1582701.0
2025-01-16,3.8,3.8,3.76,3.79,1233041.0
2025-01-17,3.78,3.79,3.74,3.76,1448586.0
2025-01-20,3.78,3.84,3.77,3.81,1979772.0
2025-01-21,3.83,3.86,3.8,3.83,2065870.0
2025-01-22,3.83,3.84,3.77,3.78,1572605.0
2025-01-23,3.81,3.92,3.8,3.9,3100480.0
2025-01-24,3.89,3.9,3.81,3.85,1938487.0
2025-01-27,3.87,3.95,3.86,3.9,2098743.0
2025-02-05,3.9,3.92,3.83,3.84,1683212.0
2025-02-06,3.84,3.87,3.82,3.84,1567321.0
2025-02-07,3.85,3.87,3.83,3.86,1688278.0
2025-02-10,3.86,3.91,3.85,3.9,1652965.0
2025-02-11,3.91,3.93,3.89,3.9,1432839.0
2025-02-12,3.91,3.92,3.88,3.91,1126215.0
2025-02-13,3.91,3.94,3.9,3.92,1308390.0
2025-02-14,3.91,3.94,3.89,3.93,1527064.0
2025-02-17,3.94,3.95,3.9,3.94,1432845.0
2025-02-18,3.94,4.02,3.93,3.97,2692524.0
2025-02-19,3.97,3.97,3.92,3.92,1718892.0
2025-02-20,3.92,3.94,3.9,3.91,1160670.0
2025-02-21,3.92,3.93,3.87,3.88,1745775.0
2025-02-24,3.88,3.9,3.86,3.87,1465280.0
2025-02-25,3.87,3.89,3.85,3.85,1184867.0
2025-02-26,3.85,3.91,3.85,3.87,1586738.0
2025-02-27,3.88,3.89,3.85,3.88,1268322.0
2025-02-28,3.87,3.9,3.87,3.87,1915194.0
2025-03-03,3.86,3.9,3.85,3.9,1675532.0
2025-03-04,3.89,3.91,3.87,3.9,1100706.0
2025-03-05,3.91,3.97,3.9,3.95,1993190.0
2025-03-06,3.96,3.97,3.88,3.89,2520920.0
2025-03-07,3.89,3.91,3.88,3.88,1167746.0
2025-03-10,3.88,3.88,3.83,3.85,1552606.0
2025-03-11,3.84,3.86,3.83,3.86,1031576.0
2025-03-12,3.86,3.87,3.84,3.85,807529.0
2025-03-13,3.85,3.88,3.84,3.87,1178594.0
2025-03-14,3.87,3.92,3.86,3.91,1858628.0
2025-03-17,3.91,3.93,3.9,3.91,1163749.0
2025-03-18,3.92,3.92,3.89,3.9,920280.0
2025-03-19,3.9,3.92,3.89,3.91,1273973.0
2025-03-20,3.91,3.94,3.88,3.89,1731252.0
2025-03-21,3.89,3.91,3.83,3.84,2005894.0
2025-03-24,3.84,3.87,3.82,3.83,1649825.0
2025-03-25,3.84,3.85,3.82,3.83,1157485.0
2025-03-26,3.83,3.84,3.79,3.79,2287574.0
2025-03-27,3.79,3.8,3.78,3.79,1292079.0
2025-03-28,3.79,3.8,3.77,3.77,1164245.0
2025-03-31,3.7,3.71,3.62,3.65,3740913.0
2025-04-01,3.65,3.73,3.65,3.7,2296567.0
2025-04-02,3.69,3.77,3.69,3.76,1729275.0
2025-04-03,3.75,3.77,3.72,3.74,1306657.0
2025-04-07,3.63,3.65,3.46,3.55,4144853.0
2025-04-08,3.55,3.64,3.55,3.64,2890888.0
2025-04-09,3.64,3.67,3.57,3.66,2376094.0
2025-04-10,3.66,3.67,3.63,3.64,1327068.0
2025-04-11,3.64,3.74,3.62,3.73,2224397.0
2025-04-14,3.74,3.75,3.68,3.7,1639393.0
2025-04-15,3.7,3.77,3.69,3.76,2195055.0
2025-04-16,3.75,3.78,3.73,3.77,1806333.0
2025-04-17,3.76,3.78,3.73,3.77,1487530.0
2025-04-18,3.77,3.79,3.76,3.77,1428833.0
2025-04-21,3.76,3.8,3.72,3.73,1691294.0
2025-04-22,3.74,3.78,3.72,3.76,1335267.0
2025-04-23,3.76,3.77,3.71,3.72,1459714.0
2025-04-24,3.72,3.74,3.71,3.72,1216100.0
2025-04-25,3.72,3.74,3.69,3.7,1257561.0
2025-04-28,3.71,3.75,3.7,3.73,1565021.0
2025-04-29,3.73,3.78,3.71,3.72,1465440.0
2025-04-30,3.71,3.73,3.67,3.73,1690263.0
2025-05-06,3.73,3.74,3.71,3.72,1496990.0
2025-05-07,3.74,3.79,3.72,3.79,2226995.0
2025-05-08,3.79,3.83,3.77,3.81,1828726.0
2025-05-09,3.82,3.85,3.81,3.84,1618305.0
2025-05-12,3.84,3.87,3.82,3.83,1556574.0
2025-05-13,3.85,3.89,3.82,3.88,2293018.0
2025-05-14,3.88,3.95,3.86,3.95,2678568.0
2025-05-15,3.94,3.97,3.9,3.9,1548370.0
2025-05-16,3.91,3.93,3.85,3.88,1354950.0
2025-05-19,3.88,3.92,3.86,3.87,1256940.0
2025-05-20,3.88,3.91,3.86,3.89,1103034.0
2025-05-21,3.89,3.93,3.88,3.91,1168872.0
2025-05-22,3.91,3.95,3.89,3.95,1314137.0
2025-05-23,3.94,3.97,3.91,3.91,1826634.0
2025-05-26,3.91,3.96,3.9,3.95,2053036.0
2025-05-27,3.95,4.05,3.94,4.02,2943362.0
2025-05-28,4.03,4.07,4.0,4.03,1529496.0
2025-05-29,4.03,4.06,4.01,4.05,2078954.0
2025-05-30,4.06,4.12,4.05,4.1,2342206.0
2025-06-03,4.09,4.27,4.08,4.23,3540598.0
2025-06-04,4.23,4.29,4.22,4.25,1882197.0
2025-06-05,4.26,4.27,4.17,4.2,1575714.0
2025-06-06,4.2,4.28,4.19,4.23,1590586.0
2025-06-09,4.24,4.36,4.23,4.34,2941677.0
2025-06-10,4.35,4.52,4.34,4.47,3644151.0
2025-06-11,4.48,4.49,4.39,4.48,2308543.0
2025-06-12,4.48,4.56,4.42,4.55,2370306.0
2025-06-13,4.55,4.57,4.47,4.52,2323616.0
2025-06-16,4.5,4.56,4.47,4.55,2026329.0
2025-06-17,4.54,4.56,4.46,4.47,1967556.0
2025-06-18,4.47,4.51,4.42,4.49,1824535.0
2025-06-19,4.49,4.5,4.4,4.43,1817766.0
2025-06-20,4.45,4.57,4.43,4.54,2405510.0
2025-06-23,4.53,4.57,4.47,4.55,1995153.0
2025-06-24,4.55,4.56,4.45,4.54,2503651.0
2025-06-25,4.53,4.58,4.47,4.58,2018734.0
2025-06-26,4.56,4.68,4.51,4.64,2367708.0
2025-06-27,4.63,4.73,4.5,4.53,3264641.0
2025-06-30,4.5,4.53,4.47,4.5,1623658.0
2025-07-01,4.5,4.61,4.5,4.6,1808873.0
2025-07-02,4.59,4.73,4.58,4.7,2411882.0
2025-07-03,4.71,4.75,4.66,4.7,1472206.0
2025-07-04,4.71,4.85,4.7,4.84,2855310.0
2025-07-07,4.85,5.04,4.84,5.01,3205374.0
2025-07-08,5.02,5.08,4.96,5.02,2298567.0
2025-07-09,5.01,5.05,4.95,5.02,2324432.0
2025-07-10,5.02,5.43,5.02,5.3,6004947.0
2025-07-11,5.33,5.35,5.15,5.15,4344256.0
2025-07-14,5.18,5.34,5.17,5.18,4579367.0
2025-07-15,5.18,5.22,5.12,5.15,2379765.0
2025-07-16,5.14,5.17,5.06,5.15,2267767.0
2025-07-17,5.15,5.24,5.14,5.22,2545514.0
2025-07-18,5.21,5.33,5.21,5.25,2954446.0
2025-07-21,5.25,5.31,5.13,5.2,2891563.0
2025-07-22,5.21,5.22,5.03,5.07,3465491.0
2025-07-23,5.07,5.1,5.02,5.04,2678525.0
2025-07-24,5.06,5.06,4.88,4.91,3884632.0
2025-07-25,4.9,4.92,4.84,4.86,3429696.0
2025-07-28,4.86,4.9,4.83,4.85,2754683.0
2025-07-29,4.86,4.91,4.73,4.75,3859869.0
2025-07-30,4.77,4.81,4.72,4.74,3101911.0
2025-07-31,4.75,4.75,4.64,4.7,2730034.0
2025-08-01,4.7,4.72,4.63,4.71,2475471.0
2025-08-04,4.69,4.8,4.67,4.74,3126515.0
2025-08-05,4.75,4.87,4.73,4.86,3871895.0
2025-08-06,4.85,4.87,4.78,4.79,2638226.0
2025-08-07,4.78,4.8,4.74,4.78,1550773.0
2025-08-08,4.79,4.84,4.77,4.78,2026088.0
2025-08-11,4.77,4.79,4.7,4.7,2243502.0
2025-08-12,4.7,4.79,4.69,4.75,2010996.0
2025-08-13,4.77,4.78,4.66,4.67,2436520.0
2025-08-14,4.68,4.73,4.64,4.64,1767659.0
2025-08-15,4.64,4.65,4.49,4.51,4402548.0
2025-08-18,4.53,4.55,4.49,4.52,2351228.0
2025-08-19,4.52,4.55,4.49,4.5,1848579.0
2025-08-20,4.5,4.56,4.48,4.52,1858212.0
2025-08-21,4.52,4.59,4.5,4.57,2280635.0
2025-08-22,4.57,4.58,4.48,4.54,2629853.0
2025-08-25,4.53,4.62,4.51,4.59,2780996.0
2025-08-26,4.59,4.59,4.52,4.54,2365966.0
2025-08-27,4.53,4.53,4.42,4.42,3790802.0
2025-08-28,4.42,4.53,4.4,4.5,3195035.0
2025-08-29,4.49,4.56,4.4,4.41,4777177.0
2025-09-01,4.44,4.48,4.31,4.32,5150501.0
2025-09-02,4.33,4.38,4.31,4.37,3260167.0
2025-09-03,4.37,4.39,4.29,4.32,2173479.0
2025-09-04,4.32,4.32,4.24,4.29,2666345.0
2025-09-05,4.29,4.31,4.22,4.28,2337399.0
2025-09-08,4.27,4.32,4.2,4.22,3536520.0
2025-09-09,4.23,4.25,4.2,4.24,1891030.0
2025-09-10,4.25,4.27,4.22,4.24,2928186.0
2025-09-11,4.24,4.28,4.19,4.27,2652557.0
2025-09-12,4.27,4.3,4.18,4.19,4580205.0
2025-09-15,4.2,4.22,4.11,4.14,5632726.0
2025-09-16,4.17,4.23,4.05,4.08,9878053.0
2025-09-17,4.08,4.09,4.03,4.04,4126260.0
2025-09-18,4.06,4.06,3.96,3.98,5057787.0
2025-09-19,3.98,4.06,3.97,4.0,6119946.0
2025-09-22,4.0,4.01,3.97,3.99,2340900.0
2025-09-23,3.99,4.07,3.96,4.04,4904786.0
2025-09-24,4.03,4.08,4.01,4.03,3236783.0
2025-09-25,4.03,4.03,3.96,4.01,2620981.0
2025-09-26,4.0,4.02,3.96,4.0,1994703.0
2025-09-29,4.0,4.03,3.94,3.96,5273547.0
2025-09-30,3.96,3.97,3.91,3.93,4847298.0
2025-10-09,3.93,3.94,3.89,3.9,4509320.0
2025-10-10,3.9,3.99,3.89,3.9,8813891.0
2025-10-13,3.88,3.92,3.82,3.91,5104665.0
2025-10-14,3.89,3.99,3.88,3.97,6058874.0
2025-10-15,3.97,4.0,3.94,3.98,3964004.0
2025-10-16,3.97,4.02,3.95,4.01,5206691.0
2025-10-17,4.01,4.03,3.95,3.96,4640673.0
2025-10-20,3.96,4.01,3.92,4.01,4069302.0
2025-10-21,3.99,4.02,3.96,3.97,5488451.0
2025-10-22,3.97,4.02,3.96,4.0,6181269.0
2025-10-23,4.0,4.12,3.99,4.11,9102592.0
2025-10-24,4.1,4.17,4.06,4.07,7145079.0
2025-10-27,4.06,4.08,4.01,4.04,5419759.0
2025-10-28,4.04,4.06,3.96,3.98,5919885.0
2025-10-29,3.97,3.98,3.91,3.92,5206254.0
2025-10-30,3.92,3.94,3.9,3.9,4316045.0
2025-10-31,3.9,3.9,3.85,3.86,4678071.0
2025-11-03,3.86,3.93,3.85,3.92,4292645.0
2025-11-04,3.92,4.01,3.91,4.0,5997899.0
2025-11-05,4.01,4.02,3.97,3.98,3288717.0
2025-11-06,3.97,3.99,3.95,3.98,2525986.0
2025-11-07,3.98,4.01,3.96,3.98,2474732.0
2025-11-10,3.97,4.0,3.96,3.99,3193701.0
2025-11-11,3.99,4.02,3.98,3.99,2827274.0
2025-11-12,3.99,4.04,3.99,4.0,4342560.0
2025-11-13,4.01,4.02,3.96,3.99,3812456.0
2025-11-14,3.99,4.04,3.99,4.01,4070693.0
2025-11-17,4.01,4.07,3.97,4.05,5221492.0
2025-11-18,4.05,4.06,4.0,4.01,3201481.0
2025-11-19,4.0,4.06,4.0,4.04,3130653.0
2025-11-20,4.03,4.21,4.03,4.15,8590433.0
2025-11-21,4.14,4.19,4.06,4.06,5591533.0
2025-11-24,4.07,4.08,4.0,4.01,4509334.0
2025-11-25,4.01,4.09,4.0,4.08,4113671.0
2025-11-26,4.08,4.11,4.03,4.05,3264210.0
2025-11-27,4.05,4.1,4.03,4.08,3132632.0
2025-11-28,4.08,4.08,4.03,4.04,3246260.0
2025-12-01,4.05,4.12,4.03,4.1,5022921.0
2025-12-02,4.09,4.11,4.04,4.07,3348210.0
2025-12-03,4.06,4.09,4.01,4.01,3842337.0
2025-12-04,4.01,4.02,3.97,3.98,3362454.0
2025-12-05,3.98,3.99,3.93,3.96,3551832.0
2025-12-08,3.95,3.98,3.94,3.95,3181967.0
2025-12-09,3.95,3.96,3.91,3.92,2929938.0
2025-12-10,3.92,3.93,3.85,3.88,4507898.0
2025-12-11,3.88,3.9,3.86,3.86,2812365.0
2025-12-12,3.86,3.88,3.84,3.85,3119008.0
2025-12-15,3.85,3.88,3.85,3.86,2726010.0
2025-12-16,3.86,3.87,3.82,3.84,3372524.0
2025-12-17,3.83,3.87,3.82,3.86,2361877.0
2025-12-18,3.85,3.89,3.84,3.88,2801961.0
2025-12-19,3.87,3.88,3.85,3.86,2893630.0
2025-12-22,3.85,3.86,3.82,3.83,3567918.0
2025-12-23,3.84,3.84,3.77,3.78,4406637.0
2025-12-24,3.78,3.78,3.73,3.77,2897775.0
2025-12-25,3.77,3.82,3.76,3.81,2267417.0
2025-12-26,3.81,3.83,3.8,3.81,1465631.0
2025-12-29,3.81,3.83,3.79,3.81,2461653.0
2025-12-30,3.81,3.82,3.77,3.78,2232001.0
2025-12-31,3.78,3.8,3.76,3.78,2324599.0
2026-01-05,3.78,3.81,3.77,3.8,2212696.0
2026-01-06,3.8,3.83,3.79,3.82,3146770.0
2026-01-07,3.81,3.83,3.79,3.8,2410968.0
2026-01-08,3.79,3.8,3.76,3.78,2424279.0
2026-01-09,3.77,3.78,3.76,3.77,2101371.0
2026-01-12,3.77,3.8,3.76,3.79,2968525.0
2026-01-13,3.79,3.84,3.78,3.82,3888617.0
2026-01-14,3.81,3.82,3.76,3.76,4275543.0
2026-01-15,3.76,3.78,3.73,3.74,2939278.0
2026-01-16,3.75,3.76,3.7,3.71,3407092.0
2026-01-19,3.7,3.71,3.69,3.7,1915641.0
2026-01-20,3.7,3.75,3.69,3.75,3073297.0
2026-01-21,3.74,3.76,3.71,3.71,2767020.0
2026-01-22,3.71,3.75,3.71,3.72,2345872.0
2026-01-23,3.73,3.74,3.7,3.71,2447659.0
2026-01-26,3.71,3.74,3.7,3.71,3243129.0
2026-01-27,3.71,3.72,3.68,3.69,2851339.0
2026-01-28,3.68,3.72,3.68,3.68,3683859.0
2026-01-29,3.69,3.76,3.65,3.76,5704451.0
2026-01-30,3.75,3.77,3.7,3.7,3456479.0
2026-02-02,3.7,3.76,3.7,3.7,3617652.0
2026-02-03,3.71,3.72,3.67,3.68,2809254.0
2026-02-04,3.68,3.75,3.68,3.74,3714544.0
2026-02-05,3.74,3.81,3.74,3.79,5024338.0
2026-02-06,3.79,3.84,3.76,3.83,4842443.0
2026-02-09,3.82,3.89,3.81,3.88,4027832.0
2026-02-10,3.88,3.93,3.87,3.92,3917424.0
2026-02-11,3.92,3.97,3.9,3.95,3424847.0
2026-02-12,3.95,3.96,3.87,3.89,3502047.0
2026-02-13,3.88,3.92,3.87,3.88,2266114.0
2026-02-24,3.9,3.9,3.84,3.85,2298774.0
2026-02-25,3.85,3.89,3.83,3.84,2792900.0
2026-02-26,3.85,3.88,3.81,3.83,2455385.0
2026-02-27,3.83,3.86,3.83,3.83,1954522.0
2026-03-02,3.82,3.91,3.8,3.9,4091413.0
2026-03-03,3.89,3.92,3.86,3.87,3505784.0
2026-03-04,3.86,3.87,3.76,3.79,3904099.0
2026-03-05,3.79,3.84,3.78,3.83,2325341.0
2026-03-06,3.82,3.83,3.79,3.83,2230496.0
2026-03-09,3.81,3.85,3.79,3.83,3133399.0
2026-03-10,3.83,3.9,3.82,3.89,3475271.0
2026-03-11,3.88,3.93,3.86,3.92,2849646.0
2026-03-12,3.92,3.96,3.91,3.94,3415291.0
2026-03-13,3.94,3.97,3.9,3.91,3390901.0
2026-03-16,3.91,3.92,3.86,3.88,2419610.0
2026-03-17,3.88,3.91,3.87,3.87,2255639.0
2026-03-18,3.87,3.87,3.83,3.86,2826981.0
2026-03-19,3.85,3.87,3.81,3.81,2030028.0
2026-03-20,3.81,3.84,3.78,3.78,2018341.0
2026-03-23,3.76,3.77,3.66,3.67,3560504.0
2026-03-24,3.69,3.76,3.69,3.76,2702881.0
2026-03-25,3.76,3.83,3.73,3.83,2297835.0
2026-03-26,3.82,3.84,3.78,3.79,1580812.0
2026-03-27,3.78,3.81,3.77,3.78,1532413.0
2026-03-30,3.76,3.81,3.75,3.8,1589115.0
2026-03-31,3.79,3.82,3.74,3.74,2959338.0
2026-04-01,3.76,3.77,3.71,3.73,2690836.0
2026-04-02,3.73,3.73,3.69,3.71,1966187.0
2026-04-03,3.71,3.71,3.67,3.68,1945665.0
2026-04-07,3.68,3.68,3.63,3.64,2607031.0
2026-04-08,3.66,3.7,3.65,3.7,2009099.0
2026-04-09,3.69,3.69,3.65,3.65,1368059.0
2026-04-10,3.66,3.68,3.65,3.67,1249588.0
2026-04-13,3.65,3.66,3.64,3.65,978120.0
2026-04-14,3.65,3.68,3.65,3.67,1296846.0
2026-04-15,3.68,3.69,3.67,3.68,1504924.0
2026-04-16,3.68,3.69,3.66,3.67,1322069.0
2026-04-17,3.66,3.67,3.65,3.66,1389850.0
2026-04-20,3.66,3.67,3.65,3.66,1254560.0
2026-04-21,3.66,3.7,3.66,3.69,1845625.0
2026-04-22,3.68,3.72,3.67,3.69,2549742.0
2026-04-23,3.69,3.7,3.68,3.69,1413339.0
2026-04-24,3.68,3.7,3.67,3.7,1705129.0
2026-04-27,3.69,3.72,3.69,3.69,1495834.0
2026-04-28,3.69,3.7,3.67,3.68,1113422.0
2026-04-29,3.67,3.69,3.67,3.69,1396176.0
2026-04-30,3.67,3.68,3.65,3.65,2066323.0
2026-05-06,3.65,3.66,3.63,3.64,1901928.0
2026-05-07,3.64,3.65,3.64,3.64,1230254.0
2026-05-08,3.64,3.66,3.64,3.64,1175379.0
2026-05-11,3.64,3.65,3.63,3.64,1761001.0
2026-05-12,3.64,3.65,3.63,3.63,1175353.0
2026-05-13,3.63,3.64,3.6,3.6,1706877.0
2026-05-14,3.6,3.61,3.58,3.59,2240357.0
2026-05-15,3.59,3.6,3.56,3.56,1843423.0
2026-05-18,3.56,3.56,3.49,3.52,2433437.0
2026-05-19,3.51,3.53,3.5,3.53,1522458.0
2026-05-20,3.53,3.53,3.5,3.51,1224727.0
2026-05-21,3.51,3.53,3.47,3.48,1625293.0
2026-05-22,3.48,3.49,3.45,3.47,1477993.0
2026-05-25,3.47,3.5,3.46,3.47,1204608.0
2026-05-26,3.46,3.49,3.46,3.47,1198614.0
2026-05-27,3.47,3.5,3.44,3.44,2154937.0
2026-05-28,3.44,3.46,3.42,3.43,1321330.0
2026-05-29,3.43,3.5,3.41,3.5,2621756.0
2026-06-01,3.49,3.54,3.48,3.54,2185978.0
2026-06-02,3.53,3.59,3.52,3.54,2026760.0
2026-06-03,3.54,3.55,3.48,3.49,2593555.0
2026-06-04,3.48,3.5,3.43,3.45,1927304.0
2026-06-05,3.45,3.54,3.45,3.52,2310820.0
2026-06-08,3.51,3.54,3.48,3.5,2231609.0
2026-06-09,3.49,3.54,3.48,3.49,2290250.0
2026-06-10,3.5,3.55,3.48,3.55,2425280.0
2026-06-11,3.54,3.55,3.51,3.52,2040359.0
2026-06-12,3.51,3.58,3.5,3.58,2533455.0
2026-06-15,3.58,3.6,3.54,3.58,2999004.0
2026-06-16,3.57,3.59,3.53,3.54,1874457.0
2026-06-17,3.55,3.56,3.49,3.51,2118509.0
2026-06-18,3.5,3.51,3.42,3.43,3011419.0
2026-06-22,3.43,3.46,3.38,3.44,2933154.0
2026-06-23,3.44,3.5,3.43,3.44,3240339.0
2026-06-24,3.43,3.44,3.35,3.36,3910190.0
2026-06-25,3.35,3.38,3.3,3.31,2710581.0
2026-06-26,3.31,3.32,3.24,3.24,2925443.0
2026-06-29,3.24,3.25,3.17,3.24,2381336.0
2026-06-30,3.23,3.24,3.15,3.17,2589947.0
2026-07-01,3.17,3.22,3.15,3.2,2150977.0
2026-07-02,3.21,3.3,3.2,3.27,2867061.0
2026-07-03,3.27,3.32,3.25,3.28,2575203.0
2026-07-06,3.28,3.35,3.26,3.34,2658046.0
2026-07-07,3.33,3.34,3.28,3.31,1886050.0
2026-07-08,3.3,3.33,3.27,3.33,1877588.0
2026-07-09,3.31,3.32,3.28,3.31,1925983.0
2026-07-10,3.3,3.35,3.29,3.34,1947416.0
2026-07-13,3.33,3.37,3.32,3.37,2009465.0
2026-07-14,3.35,3.41,3.34,3.4,2383593.0
2026-07-15,3.39,3.49,3.38,3.47,3283144.0
2026-07-16,3.46,3.5,3.44,3.45,2656902.0
2026-07-17,3.45,3.49,3.43,3.46,3321459.0
2026-07-20,3.45,3.55,3.44,3.53,4183921.0
2026-07-21,3.54,3.59,3.5,3.5,5000790.0
2026-07-22,3.5,3.54,3.45,3.54,2962481.0
2026-07-23,3.52,3.55,3.51,3.53,2940646.0
2026-07-24,3.52,3.54,3.5,3.5,2207923.0
