ts_code,trade_date,open,high,low,close,pre_close,change,pct_chg,vol,amount,rsi,dif,dea,macd_hist,boll_up,boll_mid,boll_low,kdj_k,kdj_d,kdj_j
600900.SH,2025-07-04,30.06,30.29,30.01,30.16,30.09,0.07,0.2326,679228.05,2048728.031,,0.0,0.0,0.0,,,,,,
600900.SH,2025-07-07,30.24,30.28,30.07,30.26,30.16,0.1,0.3316,508278.48,1534745.747,,0.00797720797720558,0.001595441595441116,0.012763532763528929,,,,,,
600900.SH,2025-07-08,30.27,30.27,29.91,29.92,30.26,-0.34,-1.1236,1073286.01,3219638.664,,-0.012986258228426806,-0.0013208983693324683,-0.023330719718188675,,,,,,
600900.SH,2025-07-09,29.95,30.1,29.85,29.98,29.92,0.06,0.2005,670383.21,2011578.386,,-0.02447631000516637,-0.005951980696499249,-0.03704865861733424,,,,,,
600900.SH,2025-07-10,30.0,30.08,29.8,29.9,29.98,-0.08,-0.2668,947643.05,2835522.287,,-0.03958132139713655,-0.01267784883662671,-0.053806945121019675,,,,,,
600900.SH,2025-07-11,29.92,30.59,29.87,30.4,29.9,0.5,1.6722,1642154.79,4984368.453,,-0.011078622956119943,-0.012358003660525358,0.0025587614088108286,,,,,,
600900.SH,2025-07-14,30.42,30.79,30.4,30.61,30.4,0.21,0.6908,771547.17,2363137.312,,0.02813093990172888,-0.004260214948074511,0.06478230969960679,,,,,,
600900.SH,2025-07-15,30.61,30.68,30.35,30.48,30.61,-0.13,-0.4247,562461.57,1714077.283,,0.04815973199945134,0.00622377444143066,0.08387191511604136,,,,,,
600900.SH,2025-07-16,30.6,30.66,30.33,30.34,30.48,-0.14,-0.4593,386213.46,1174692.478,,0.0521348855574999,0.015405996664644508,0.07345777778571078,,,,54.54545454545454,54.54545454545454,54.54545454545455
600900.SH,2025-07-17,30.32,30.4,30.12,30.16,30.34,-0.18,-0.5933,614655.48,1855170.425,,0.04029621799691441,0.02038404093109849,0.03982435413163184,,,,48.484848484848484,52.525252525252526,40.40404040404039
600900.SH,2025-07-18,29.54,29.6,29.35,29.5,29.43,0.07,0.2379,601701.9,1774601.208,,-0.022087880154508355,0.01188965671397712,-0.06795507373697095,,,,35.79545454545452,46.9486531986532,13.48905723905716
600900.SH,2025-07-21,29.7,29.86,29.42,29.51,29.5,0.01,0.0339,778276.54,2301161.415,,-0.06991487579844602,-0.004471249788507508,-0.13088725201987703,,,,27.567340067340062,40.48821548821549,1.7255892255892036
600900.SH,2025-07-22,29.46,29.51,29.28,29.36,29.51,-0.15,-0.5083,943940.47,2772595.624,,-0.11855522992633993,-0.027288045816073997,-0.18253436822053187,,,,20.144231126571043,33.70688736766734,-6.981081355621555
600900.SH,2025-07-23,29.41,29.45,29.17,29.18,29.36,-0.18,-0.6131,1073549.45,3142732.507,,-0.16967168709290803,-0.05576477407144081,-0.22781382604293443,,,,13.635248734586417,27.01634115664037,-13.126936109521488
600900.SH,2025-07-24,29.19,29.19,28.8,28.94,29.18,-0.24,-0.8225,1668827.68,4823718.576,38.61896999228977,-0.22693191208559327,-0.0899982016742713,-0.2738674208226439,,,,11.435224449523284,21.82263558760134,-9.339597826632826
600900.SH,2025-07-25,28.86,28.98,28.75,28.75,28.94,-0.19,-0.6565,1008790.9,2910198.554,35.6286321029242,-0.2843644882241918,-0.12887145898425542,-0.31098605847987276,,,,7.623482966348857,17.089584713850513,-11.308720528654455
600900.SH,2025-07-28,28.75,28.84,28.6,28.64,28.75,-0.11,-0.3826,844450.6,2421911.286,33.98779187522827,-0.33489582863791867,-0.17007633291498808,-0.3296389914458612,,,,5.729571168504402,13.302913532068477,-9.417113558623747
600900.SH,2025-07-29,28.61,28.74,28.6,28.63,28.64,-0.01,-0.0349,717720.13,2057394.625,33.835236204026046,-0.37146715427672916,-0.2103544971873363,-0.32222531417878575,,,,4.37526966789178,10.327032244009578,-7.5282554843438145
600900.SH,2025-07-30,28.64,28.94,28.64,28.7,28.63,0.07,0.2445,978280.42,2814742.121,36.00075993523149,-0.3903026127769138,-0.2463441203052518,-0.287916984943324,,,,5.56234909076378,8.738804526260978,-0.7905617802306182
600900.SH,2025-07-31,28.42,28.42,27.7,27.84,28.7,-0.86,-2.9965,2579698.28,7209401.327,25.122068282184756,-0.4692158339633643,-0.2909184630368743,-0.35659474185298,31.121313528347738,29.563,28.00468647165226,5.868726554336355,7.782111868952771,2.041955925103524
600900.SH,2025-08-01,27.79,28.05,27.68,27.99,27.84,0.15,0.5388,981486.06,2738151.406,29.14386354407523,-0.5137294308021687,-0.3354806565899332,-0.356497548424471,31.135169979189065,29.454500000000003,27.77383002081094,9.559114606351713,8.374446114752418,11.928451589550303
600900.SH,2025-08-04,27.9,28.17,27.8,28.14,27.99,0.15,0.5359,823203.72,2311780.582,33.018286717351515,-0.5307844775470762,-0.3745414207813618,-0.31248611353142886,31.081854217148148,29.3485,27.615145782851855,15.035643259225077,10.59484516290997,23.917239451855295
600900.SH,2025-08-05,28.14,28.18,27.96,28.1,28.14,-0.04,-0.1421,787152.7,2209870.18,32.507816046470836,-0.5412887508936919,-0.40789088680382785,-0.2667957281797281,31.054455026822055,29.2575,27.460544973177946,19.295285351624692,13.494991892481544,30.89587226991099
600900.SH,2025-08-06,28.09,28.12,27.87,27.97,28.1,-0.13,-0.4626,1144934.79,3198859.437,30.839087031722855,-0.5537204322804286,-0.43705679589914803,-0.23332727276256104,31.007838785666195,29.157,27.306161214333805,20.299421003647204,15.763134929536763,29.371993151868086
600900.SH,2025-08-07,27.94,28.18,27.84,28.06,27.97,0.09,0.3218,1051956.76,2948188.366,33.38844847731258,-0.5499706620588611,-0.4596395691310907,-0.18066218585554084,30.94305610588238,29.064999999999998,27.186943894117615,23.585857388674818,18.37070908258278,34.0161540008589
600900.SH,2025-08-08,28.06,28.08,27.86,27.86,28.06,-0.2,-0.7128,824972.1,2304820.604,30.68184670790012,-0.5567197519187843,-0.4790556056886295,-0.15532829246030966,30.77910493139882,28.938,27.096895068601178,20.48580968768796,19.07574261761784,23.3059438278282
600900.SH,2025-08-11,27.86,27.88,27.51,27.69,27.86,-0.17,-0.6102,1243550.56,3436843.944,28.562382154501563,-0.5692243693085395,-0.4970893584126115,-0.144270021791856,30.5353494682424,28.792,27.048650531757602,17.85301065426283,18.668165296499502,16.22270136978949
600900.SH,2025-08-12,27.69,27.88,27.64,27.76,27.69,0.07,0.2528,743183.9,2065281.068,30.685634990862667,-0.5669505012314673,-0.5110615869763827,-0.11177782851016915,30.26402461358486,28.656,27.04797538641514,21.059516260351046,19.46528228445002,24.2479842121531
600900.SH,2025-08-13,27.77,27.85,27.61,27.63,27.76,-0.13,-0.4683,934256.87,2589154.7,28.96391692104301,-0.5690783766556287,-0.5226649449122319,-0.09282686348679348,29.980989824105535,28.520500000000006,27.060010175894476,20.00982676063193,19.646797109843988,20.73588606220782
600900.SH,2025-08-14,27.62,27.89,27.6,27.66,27.63,0.03,0.1086,1017587.96,2824224.358,29.940826832917892,-0.5618671294619624,-0.5305053818221781,-0.06272349527956855,29.682838748205608,28.3955,27.10816125179439,20.802571074252082,20.03205509798002,22.343603026796202
600900.SH,2025-08-15,27.71,27.78,27.6,27.63,27.66,-0.03,-0.1085,1072302.33,2967736.757,29.503869361809677,-0.552207410099836,-0.5348457874777097,-0.03472324524425252,29.521414872624963,28.302,27.082585127375037,19.838529969899287,19.96754672195311,19.580496465791647
600900.SH,2025-08-18,27.64,27.72,27.55,27.64,27.63,0.01,0.0362,1147361.96,3169229.161,29.87126568806717,-0.5375485711682515,-0.5353863442158181,-0.0043244539048667985,29.319900728336712,28.208499999999997,27.097099271663282,19.69334833814178,19.876147260682664,19.327750493060016
600900.SH,2025-08-19,27.65,27.78,27.61,27.63,27.64,-0.01,-0.0362,1146023.98,3172704.27,29.704549724853237,-0.5207355370062636,-0.5324561827739073,0.02344129153528729,29.119504254047126,28.121999999999996,27.124495745952867,19.099048145825755,19.617114222397028,18.06291599268321
600900.SH,2025-08-20,27.6,27.74,27.46,27.69,27.63,0.06,0.2172,1022259.37,2820524.963,32.15136188274565,-0.4968422989932364,-0.5253334060177731,0.05698221404907344,28.927999260288413,28.047500000000003,27.167000739711593,25.098290161733374,21.44417286884248,32.406524747515164
600900.SH,2025-08-21,27.69,27.95,27.66,27.85,27.69,0.16,0.5778,1179347.54,3284359.052,38.31718437861561,-0.4596969723563298,-0.5122061192854844,0.1050182938583093,28.7697164354207,27.992999999999995,27.21628356457929,43.26280568605365,28.717050474579537,72.3543161090019
600900.SH,2025-08-22,27.88,27.92,27.7,27.87,27.85,0.02,0.0718,1032104.0,2866065.221,39.06265088797728,-0.42376035493589015,-0.4945169664155656,0.14151322295935087,28.640143979211288,27.948999999999995,27.2578560207887,56.73302691995423,38.05570928970443,94.08766218045382
600900.SH,2025-08-25,28.04,28.55,28.03,28.35,27.87,0.48,1.7223,2185666.04,6194362.996,53.56670409596952,-0.35248510932231625,-0.46611059499691576,0.22725097134919903,28.57491023036637,27.934499999999996,27.294089769633622,65.03914332889917,47.050187302769345,101.01705538115883
600900.SH,2025-08-26,28.35,28.4,28.21,28.31,28.35,-0.04,-0.1411,1130612.48,3198022.514,52.44642772353545,-0.29581663929091206,-0.432051803855715,0.2724703291296059,28.49892724735638,27.9185,27.338072752643622,69.35331267798165,54.48456242784011,99.09081317826472
600900.SH,2025-08-27,28.25,28.3,27.93,27.96,28.31,-0.35,-1.2363,1275324.14,3586735.277,43.81229051212265,-0.2759673634624207,-0.40083491577705616,0.24973510462927095,28.3319629197895,27.8815,27.431037080210498,61.526061662996945,56.83172883955905,70.91472730987275
600900.SH,2025-08-28,27.95,27.99,27.69,27.87,27.96,-0.09,-0.3219,1092962.47,3043101.973,41.90201045021611,-0.26445049649180774,-0.3735580319200065,0.21821507085639746,28.33308069451929,27.883,27.43291930548071,53.55560074169216,55.73968614027009,49.187429944536305
600900.SH,2025-08-29,27.9,28.16,27.85,28.09,27.87,0.22,0.7894,1067298.46,2996376.746,47.88389329947385,-0.23486377169726325,-0.34581917987545785,0.2219108163563892,28.345250363298774,27.887999999999998,27.430749636701222,54.9697888736663,55.48305371806883,53.94325918486126
600900.SH,2025-09-01,28.1,28.1,27.71,27.79,28.09,-0.3,-1.068,1246086.67,3468108.875,41.59466087985289,-0.23293840302122604,-0.3232430245046115,0.18060924296677094,28.313716710686318,27.8705,27.42728328931368,46.73826903504354,52.56812549039374,35.07855612434312
600900.SH,2025-09-02,27.7,28.29,27.7,28.21,27.79,0.42,1.5113,1751446.01,4918052.711,51.24866392643665,-0.19527108108961855,-0.29764863582161294,0.20475510946398878,28.333701350572408,27.875999999999998,27.418298649427587,51.758096959691954,52.29811598015981,50.67805891875625
600900.SH,2025-09-03,28.25,28.4,27.83,27.96,28.21,-0.25,-0.8862,1271331.13,3563092.89,46.338742651186045,-0.18347735500542584,-0.2748143796583755,0.18267404930589937,28.33279064810263,27.8755,27.418209351897367,44.97051425219773,49.85558207083911,35.20037861491495
600900.SH,2025-09-04,27.94,28.3,27.71,28.23,27.96,0.27,0.9657,1758480.97,4929530.683,51.71870604675734,-0.15060788465449804,-0.24997308065760004,0.19873039200620402,28.36159925945462,27.884000000000004,27.406400740545386,50.910575392938,50.20724651153874,52.31723315573652
600900.SH,2025-09-05,28.16,28.31,28.0,28.07,28.23,-0.16,-0.5668,1069513.08,3006365.138,48.60861821661894,-0.13590265421255765,-0.22715899536859158,0.18251268231206785,28.379060571413362,27.8945,27.40993942858664,51.78075918214648,50.731750735074655,53.87877607629014
600900.SH,2025-09-08,28.02,28.22,28.0,28.15,28.07,0.08,0.285,900740.39,2532976.861,50.22048933633652,-0.11645094769294673,-0.20501738583346263,0.1771328762810318,28.40485051689293,27.917499999999997,27.430149483107062,56.11675025288634,52.526750574345215,63.2967496099686
600900.SH,2025-09-09,28.16,28.2,27.96,28.01,28.15,-0.14,-0.4973,761316.32,2134208.194,47.41762212840199,-0.11105202152865701,-0.18622431297250153,0.15034458288768904,28.413147574709203,27.929999999999996,27.44685242529079,52.43464101366139,52.49604738745061,52.31182826608294
600900.SH,2025-09-10,28.01,28.09,27.9,28.01,28.01,0.0,0.0,598614.83,1675916.918,47.41762212840199,-0.10555654351927402,-0.17009075908185603,0.12906843112516403,28.41193798607091,27.949,27.486062013929093,49.71833210434581,51.57014229308235,46.01471172687273
600900.SH,2025-09-11,28.0,28.11,27.92,28.0,28.01,-0.01,-0.0357,1053966.56,2946879.049,47.199399697802335,-0.10084576680514701,-0.15624176062651424,0.11079198764273446,28.408785441685296,27.966,27.523214558314706,47.43126902194487,50.190517869369856,41.9127713270949
600900.SH,2025-09-12,28.0,28.15,27.9,27.93,28.0,-0.07,-0.25,929728.12,2603224.928,45.61681381057222,-0.10158979340456042,-0.14531136718212348,0.08744314755512611,28.395266631658025,27.981,27.56673336834198,42.5732269670109,47.65142090191687,32.416839097198974
600900.SH,2025-09-15,27.9,27.91,27.76,27.8,27.93,-0.13,-0.4654,725656.97,2016875.299,42.75001583546094,-0.11138537215447997,-0.1385261681765948,0.054281592044229665,28.38112779871661,27.988999999999997,27.596872201283386,32.72997739829714,42.677606400710296,12.83471939347082
600900.SH,2025-09-16,27.79,27.8,27.65,27.73,27.8,-0.07,-0.2518,575128.76,1594342.991,41.2468653509976,-0.12337466750379633,-0.13549586804203512,0.02424240107647757,28.369031226770055,27.994,27.618968773229945,25.860388972602223,37.07186725800761,3.4374324017914546
600900.SH,2025-09-17,27.72,27.83,27.67,27.7,27.73,-0.03,-0.1082,614926.75,1704493.488,40.58818648907945,-0.13375517334723597,-0.1351477291030753,0.0027851115116786507,28.36784758744721,27.9945,27.62115241255279,19.765511840320713,31.30308211877864,-3.3096287165951424
600900.SH,2025-09-18,27.69,27.7,27.21,27.31,27.7,-0.39,-1.4079,1448432.97,3975030.224,33.1719744914935,-0.17147488392717136,-0.1424131600678945,-0.05812344771855371,28.44766992606238,27.967499999999994,27.487330073937606,16.47733792655038,26.361167388035888,-3.2903209964206326
600900.SH,2025-09-19,27.32,27.35,27.12,27.2,27.31,-0.11,-0.4028,734670.22,1999478.366,31.427726561789044,-0.20784816276983165,-0.15550016060828195,-0.10469600432309939,28.523786758966885,27.934000000000005,27.344213241033124,13.454027753502674,22.058787509858153,-3.755491759208283
600900.SH,2025-09-22,27.1,27.25,27.02,27.12,27.2,-0.08,-0.2941,696830.94,1890783.496,30.184630357237268,-0.24035887225886654,-0.17247190293839887,-0.13577393864093534,28.532033327835936,27.872500000000002,27.212966672164068,11.919204343043125,18.678926454253144,-1.6002398793769146
600900.SH,2025-09-23,27.12,27.39,27.03,27.32,27.12,0.2,0.7375,872473.25,2375221.478,36.903856837900456,-0.2471366774453294,-0.187404857839785,-0.11946363921108882,28.492802798944368,27.822999999999997,27.153197201055626,16.79569375081934,18.05118221977521,14.284716812907597
600900.SH,2025-09-24,27.28,27.53,27.24,27.25,27.32,-0.07,-0.2562,874412.99,2391918.904,35.61199155451891,-0.2552145968655495,-0.2009668056449379,-0.10849558244122315,28.500591859440306,27.7875,27.074408140559697,17.981789934174564,18.028051457908326,17.88926688670704
600900.SH,2025-09-25,27.21,27.33,27.08,27.29,27.25,0.04,0.1468,634292.58,1726865.388,36.969806993005456,-0.2554441394669702,-0.21186227240934435,-0.08716373411525169,28.503907694875085,27.758500000000005,27.013092305124925,22.10021950667815,19.385440807498266,27.529776905037927
600900.SH,2025-09-26,27.3,27.55,27.24,27.47,27.29,0.18,0.6596,794087.06,2177282.26,42.81397700803674,-0.23835396185307545,-0.21716061029809058,-0.042386703109969726,28.466400320889473,27.727500000000003,26.988599679110532,33.251998189637284,24.007626601544604,51.74074136582265
600900.SH,2025-09-29,27.43,27.5,27.19,27.3,27.47,-0.17,-0.6189,927031.0,2532328.827,39.124350193722826,-0.23580919065297934,-0.22089032636906836,-0.029837728567821964,28.465298463443595,27.703000000000003,26.94070153655641,33.69063253794755,27.235295247012253,46.601307119818145
600900.SH,2025-09-30,27.35,27.36,27.21,27.25,27.3,-0.05,-0.1832,618827.74,1686097.117,38.08477937356075,-0.23511674380785408,-0.22373560985682553,-0.0227622679020571,28.403654934216263,27.655,26.90634506578374,33.73493149588663,29.40184066330371,42.401113161052464
600900.SH,2025-10-09,27.21,27.7,27.15,27.68,27.25,0.43,1.578,1132499.09,3112861.218,50.31231282977369,-0.19759284107953334,-0.21850705610136711,0.04182843004366754,28.375987289542827,27.641,26.90601271045717,54.842895507061684,37.8821922778897,88.76430196540565
600900.SH,2025-10-10,27.65,27.79,27.51,27.73,27.68,0.05,0.1806,712605.02,1973210.96,51.51144460852094,-0.16195339773307182,-0.20719632442770808,0.09048585338927251,28.29879302558646,27.615999999999996,26.933206974413533,67.29786107397192,47.687415209917106,106.51875280208154
600900.SH,2025-10-13,27.7,27.9,27.4,27.79,27.73,0.06,0.2164,1174982.2,3255599.09,52.977956401952135,-0.12739880938205062,-0.1912368214185766,0.12767602407305195,28.256493777864396,27.602000000000004,26.947506222135612,73.98401466234144,56.452948360725216,109.04614726557386
600900.SH,2025-10-14,27.74,28.01,27.55,27.99,27.79,0.2,0.7197,1366699.04,3807496.908,57.583152526896775,-0.0829198719630817,-0.1695734315274776,0.17330711912879182,28.223733444027204,27.594,26.9642665559728,81.93916389675798,64.9483535394028,115.92078461146832
600900.SH,2025-10-15,27.98,28.15,27.77,27.93,27.99,-0.06,-0.2144,926323.29,2588206.846,55.81703605882968,-0.051913070601059985,-0.1460413593421941,0.1882565774822682,28.209541426336777,27.589999999999996,26.970458573663215,81.10586004332156,70.33418904070905,102.64920204854656
600900.SH,2025-10-16,27.85,28.17,27.84,28.16,27.93,0.23,0.8235,939734.94,2639404.753,60.78255322118148,-0.008680812319120434,-0.11856924993757936,0.21977687523691786,28.241594631818092,27.597499999999997,26.9534053681819,87.07710930992674,75.91516246378161,109.40100300221698
600900.SH,2025-10-17,28.13,28.38,28.06,28.11,28.16,-0.05,-0.1776,1147021.54,3235603.482,59.224305609367164,0.021300937757260385,-0.09059521239861142,0.2237923003117436,28.263242379736443,27.602999999999998,26.942757620263553,84.06766636921947,78.63266376559423,94.93767157646994
600900.SH,2025-10-20,28.12,28.15,27.75,28.05,28.11,-0.06,-0.2134,914230.76,2555513.223,57.325115673992705,0.03976184237257385,-0.06452380144437436,0.20857128763389643,28.283775596226775,27.608999999999998,26.93422440377322,80.43535481525205,79.23356078214684,82.83894288146249
600900.SH,2025-10-21,28.0,28.1,27.85,27.91,28.05,-0.14,-0.4991,801635.74,2239195.693,53.050296880808226,0.042604296502833705,-0.04309818185493275,0.1714049567155329,28.297572778737873,27.614500000000003,26.931427221262133,74.21977583889435,77.562299134396,67.53472924789105
600900.SH,2025-10-22,27.89,28.08,27.85,28.04,27.91,0.13,0.4658,619189.68,1734320.789,56.308441146128715,0.05471614180143547,-0.023535317123659107,0.15650291785018916,28.337731736271845,27.630000000000003,26.92226826372816,71.24855804225611,75.45771877034937,62.83023658606959
600900.SH,2025-10-23,28.04,28.27,28.04,28.23,28.04,0.19,0.6776,785588.09,2215031.621,60.610826085073725,0.07873862866728132,-0.003080527965471022,0.16363831326550468,28.413259712959096,27.6565,26.899740287040906,75.73033121184426,75.548589584181,76.09381446717077
600900.SH,2025-10-24,28.21,28.29,28.08,28.19,28.23,-0.04,-0.1417,770600.06,2172735.273,59.28720470711495,0.09347147588504967,0.016229872804633116,0.1544832061608331,28.474565820674748,27.700499999999998,26.92643417932525,76.18969871954283,75.76229262930161,77.04451090002527
600900.SH,2025-10-27,28.14,28.56,28.02,28.3,28.19,0.11,0.3902,1248426.35,3534388.258,61.76032445666928,0.11272403167236433,0.03552870457817936,0.15439065418836995,28.536119861661923,27.7555,26.97488013833808,73.42687733566237,74.98382086475519,70.31299027747673
600900.SH,2025-10-28,28.26,28.54,28.26,28.46,28.3,0.16,0.5654,732635.65,2082899.503,65.0828267032264,0.13928687131572914,0.05628033792568932,0.16601306678007965,28.603481164271834,27.8225,27.04151883572817,78.1693585529931,76.0456667608345,82.41674213731031
600900.SH,2025-10-29,28.46,28.46,28.26,28.29,28.46,-0.17,-0.5973,740543.03,2097455.018,59.19753085605462,0.14494964458257442,0.07401419925706634,0.14187089065101616,28.6409870128775,27.871000000000002,27.101012987122505,74.33512792421763,75.47548714862887,72.05440947539515
600900.SH,2025-10-30,28.29,28.56,28.19,28.47,28.29,0.18,0.6363,867173.76,2465019.759,63.01149764108484,0.16209341686192147,0.09163004277803738,0.14092674816776818,28.688017265188545,27.932000000000006,27.175982734811466,79.18638157910804,76.71245195878859,84.13424081974694
600900.SH,2025-10-31,28.46,28.46,27.93,28.1,28.47,-0.37,-1.2996,1184702.29,3332582.343,52.208473241890374,0.14416225933876703,0.10213648609018332,0.08405154649716742,28.668076247286713,27.972499999999997,27.27692375271328,64.52801025461667,72.65097139073129,48.28208798238745
600900.SH,2025-11-03,28.11,28.35,28.11,28.31,28.1,0.21,0.7473,613783.22,1735602.286,56.74160375989976,0.14522289365152474,0.11075376760245162,0.06893825209814625,28.683245093439936,28.014499999999998,27.34575490656006,64.61491763453313,69.9722868053319,53.900179292935576
600900.SH,2025-11-04,28.31,28.69,28.28,28.6,28.31,0.29,1.0244,1049428.89,2995456.129,62.089362354652664,0.1675328163335834,0.122109577348678,0.09084647796981082,28.70729396553159,28.079500000000003,27.451706034468415,72.46257666863613,70.80238342643332,75.78296315304175
600900.SH,2025-11-05,28.63,28.69,28.4,28.42,28.6,-0.18,-0.6294,685791.15,1954741.549,57.35026127954513,0.16874392024307383,0.13143644592755716,0.07461494863103335,28.647183040193823,28.137999999999998,27.628816959806173,69.7996125159329,70.46812645626652,68.4625846352657
600900.SH,2025-11-06,28.39,28.6,28.36,28.5,28.42,0.08,0.2815,673928.32,1920939.279,58.8534528569506,0.17415154957110346,0.13997946665626643,0.06834416582967406,28.664403792841828,28.179000000000002,27.693596207158176,71.5330750106219,70.82310930771831,72.95300641642908
600900.SH,2025-11-07,28.51,28.64,28.43,28.52,28.5,0.02,0.0702,551417.84,1572837.493,59.240224331220645,0.17799910474752778,0.1475833942745187,0.06083142094601818,28.677940162761,28.2185,27.759059837238997,73.56590965620401,71.73737609054689,77.22297678751826
600900.SH,2025-11-10,28.52,28.59,28.39,28.53,28.52,0.01,0.0351,493344.59,1406140.642,59.445489325950184,0.1797828120253797,0.15402327782469089,0.051519068401377655,28.688043274378966,28.255499999999994,27.822956725621022,75.35972924448689,72.94482714186022,80.18953344974022
600900.SH,2025-11-11,28.53,28.72,28.47,28.62,28.53,0.09,0.3155,625175.78,1788389.426,61.33283989657145,0.1863109836872212,0.16048081899719696,0.0516603293800485,28.729771177685976,28.287,27.844228822314022,79.35374354695759,75.081132610226,87.89896542042075
600900.SH,2025-11-12,28.7,28.88,28.61,28.61,28.62,-0.01,-0.0349,629704.97,1810844.126,60.99318576411904,0.18850472520362516,0.16608560023848262,0.04483824993028507,28.752638250097597,28.320999999999998,27.8893617499024,76.76214482077874,75.64147001374359,79.00349443484905
600900.SH,2025-11-13,28.62,28.73,28.26,28.44,28.61,-0.17,-0.5942,1012328.04,2874569.006,55.37858021560908,0.1745140129990581,0.16777128279059772,0.01348546041692078,28.76279729582565,28.335,27.907202704174352,65.46047749956688,72.24780584235134,51.88582081399795
600900.SH,2025-11-14,28.44,28.71,28.34,28.34,28.44,-0.1,-0.3516,747625.18,2134920.337,52.32716770036344,0.15358665713509012,0.1649343576594962,-0.02269540104881218,28.760988905317774,28.346500000000002,27.93201109468223,47.94139360186172,64.1456684288548,15.532843947875563
600900.SH,2025-11-17,28.37,28.43,28.03,28.16,28.34,-0.18,-0.6351,725596.43,2041952.507,47.27741597910602,0.12108133094952933,0.15616375231750285,-0.07016484273594703,28.752610061097545,28.352000000000004,27.951389938902462,37.05896828359406,55.11676838043456,0.9433680899130792
600900.SH,2025-11-18,28.16,28.34,28.08,28.15,28.16,-0.01,-0.0355,590136.98,1664566.13,47.00601686370395,0.09343663002409741,0.14361832785882178,-0.10036339566944874,28.72085173096775,28.363999999999997,28.007148269032246,29.411861208670462,46.54846598984653,-4.861348353681663
600900.SH,2025-11-19,28.15,28.33,28.11,28.23,28.15,0.08,0.2842,481597.61,1359794.725,49.50343468170954,0.07709463778879666,0.13031358984481675,-0.10643790411204018,28.703110615567336,28.3735,28.043889384432664,27.45104472734893,40.18265890234733,1.9878163773521322
600900.SH,2025-11-20,28.18,28.32,28.05,28.14,28.23,-0.09,-0.3188,576112.35,1624414.752,46.82967137677723,0.05623302406839059,0.11549747668953153,-0.11852890524228188,28.7091485743488,28.369,28.0288514256512,22.614421975095354,34.32657992659667,-0.8098939279072823
600900.SH,2025-11-21,28.17,28.27,28.07,28.16,28.14,0.02,0.0711,919941.5,2591450.861,47.508173915584905,0.040843064326551826,0.1005665942169356,-0.11944705978076756,28.711218060717066,28.3675,28.023781939282934,20.174320532416484,29.609160128536608,1.3046413401762322
600900.SH,2025-11-24,28.18,28.2,27.92,28.19,28.16,0.03,0.1065,971795.69,2725992.366,48.568375184335736,0.030713117926801203,0.08659589895890873,-0.11176556206421506,28.713693646591143,28.362000000000002,28.01030635340886,22.824547021611,27.347622426228074,13.778396212376855
600900.SH,2025-11-25,28.19,28.2,27.83,28.03,28.19,-0.16,-0.5676,929854.19,2602515.319,43.51981966330253,0.009663010429257213,0.07120932125297844,-0.12309262164744245,28.718554576956606,28.3405,27.96244542304339,22.623772088481495,25.773005646979215,16.325304971486048
600900.SH,2025-11-26,28.03,28.12,27.9,27.94,28.03,-0.09,-0.3211,662732.78,1854668.14,40.94179174021152,-0.014118845991092144,0.05414368780416432,-0.13652506759051292,28.741171458161602,28.323,27.9048285418384,19.2491813923211,23.598397562093176,10.550749052776943
600900.SH,2025-11-27,27.93,28.14,27.78,28.09,27.94,0.15,0.5369,768692.86,2152113.661,46.61765129672039,-0.020624644086908006,0.03919002142594986,-0.11962933102571573,28.72853194040142,28.303999999999995,27.87946805959857,28.730223492316597,25.30900620550098,35.57265806594783
600900.SH,2025-11-28,28.01,28.07,27.95,27.98,28.09,-0.11,-0.3916,590180.67,1651765.723,43.329011806345896,-0.03426166944303333,0.02449968325215322,-0.1175227053903731,28.737789423294895,28.298000000000002,27.85821057670511,31.058244232972953,27.22541888132497,38.72389493626892
600900.SH,2025-12-01,28.05,28.15,27.99,28.07,27.98,0.09,0.3217,582523.94,1634524.009,46.6454495651901,-0.0373760150133009,0.012124543599062395,-0.0990011172247266,28.737355852142308,28.286,27.834644147857695,38.28125373107292,30.910697164574287,53.02236686407019
600900.SH,2025-12-02,28.03,28.27,28.02,28.26,28.07,0.19,0.6769,748779.62,2111131.853,52.91058082146079,-0.024233396699255394,0.004852955539398837,-0.05817270447730846,28.695486255717274,28.269,27.842513744282723,55.15046545034498,38.99061992649786,87.47015649803922
600900.SH,2025-12-03,28.25,28.36,28.21,28.27,28.26,0.01,0.0354,445599.66,1260442.579,53.22191886670716,-0.012862588656069818,0.001309846700305106,-0.028344870712749846,28.682039753424664,28.2615,27.84096024657534,64.92789650712653,47.63637878670741,99.51093194796476
600900.SH,2025-12-04,28.3,28.32,28.17,28.24,28.27,-0.03,-0.1061,379967.06,1072988.579,52.10883933006894,-0.006200416101933115,-0.00019220586014253834,-0.012016420483581154,28.653795214043132,28.2485,27.843204785956868,69.72204594727968,54.9982678402315,99.16960216137603
600900.SH,2025-12-05,28.24,28.24,28.02,28.07,28.24,-0.17,-0.602,544975.5,1531066.285,46.21099458719058,-0.014471358789130306,-0.003048036445940092,-0.022846644686380427,28.617563666934394,28.226,27.834436333065604,63.14803063151979,57.71485543732759,74.01438101990418
600900.SH,2025-12-08,28.07,28.1,27.86,27.87,28.07,-0.2,-0.7125,754265.06,2109155.093,40.4154399504644,-0.03674094227580227,-0.009786617611912529,-0.05390864932777948,28.587920378384194,28.193,27.79807962161581,47.271100880783315,54.2336039184795,33.34609480539095
600900.SH,2025-12-09,27.93,28.04,27.9,27.97,27.87,0.1,0.3588,512302.07,1432281.938,44.184712506082384,-0.04579271347162006,-0.016987836783854036,-0.05760975337553205,28.512066419568736,28.160500000000003,27.80893358043127,42.4336074837405,50.30027177356651,26.700278904088492
600900.SH,2025-12-10,27.93,28.07,27.85,27.89,27.97,-0.08,-0.286,585389.54,1634914.947,41.90109258356381,-0.05874446909829345,-0.025339163246741923,-0.06681061170310305,28.426177764649918,28.1245,27.822822235350085,30.90345074079428,43.83466476264243,5.041022697097972
600900.SH,2025-12-11,27.92,27.94,27.75,27.86,27.89,-0.03,-0.1076,695636.24,1936057.504,41.04440648290958,-0.0706155657391534,-0.03439444374522422,-0.07244224398785835,28.38052816112016,28.095499999999998,27.810471838879835,26.61322945561146,38.09418632696544,3.6513157129034965
600900.SH,2025-12-12,27.85,28.05,27.81,28.04,27.86,0.18,0.6461,898708.32,2509907.08,47.9241000007798,-0.06475257232969511,-0.0404660694621184,-0.04857300573515343,28.341951414425747,28.080499999999994,27.81904858557424,33.58914750592673,36.59250671995254,27.58242907787512
600900.SH,2025-12-15,27.99,28.15,27.96,28.04,28.04,0.0,0.0,539466.13,1514955.53,47.9241000007798,-0.05942113792252002,-0.044257083154198726,-0.030328109536642583,28.333768200903936,28.0745,27.815231799096065,38.23975953947025,37.14159099312511,40.43609663216054
600900.SH,2025-12-16,28.06,28.08,27.82,27.97,28.04,-0.07,-0.2496,679077.46,1896170.505,45.527933902897104,-0.06015096979242074,-0.04743586048184313,-0.025430218621155215,28.326225707855603,28.065499999999997,27.80477429214439,38.358670102336816,37.54728402952901,39.98144224795243
600900.SH,2025-12-17,27.93,28.0,27.84,27.92,27.97,-0.05,-0.1788,592436.13,1653641.726,43.84174049043487,-0.0640258982398656,-0.05075386803344763,-0.02654406041283594,28.3063714410566,28.05,27.7936285589434,37.1370725852315,37.41054688142984,36.59012399283483
600900.SH,2025-12-18,27.92,28.09,27.89,28.08,27.92,0.16,0.5731,464197.94,1300956.749,50.198120342583934,-0.05356863821162605,-0.05131682206908332,-0.004503632285085463,28.300323176158273,28.047000000000004,27.793676823841736,52.258048390154286,42.35971405100465,72.05471706845357
600900.SH,2025-12-19,28.03,28.08,27.82,27.85,28.08,-0.23,-0.8191,799993.14,2233930.352,42.713732814106514,-0.06311273775404302,-0.05367600520607527,-0.018873465095935515,28.293498392923894,28.0315,27.76950160707611,43.17203226010301,42.63048678737077,44.255123205567486
600900.SH,2025-12-22,27.84,27.86,27.5,27.54,27.85,-0.31,-1.1131,1564033.93,4316199.315,35.114441150846616,-0.09460041987127354,-0.061860888139114924,-0.06547906346431724,28.33030682233586,27.999000000000002,27.667693177664145,30.83263689135069,38.69787015536408,15.102170363323907
600900.SH,2025-12-23,27.5,27.74,27.48,27.72,27.54,0.18,0.6536,709451.12,1962122.211,41.610310036158594,-0.10383321446601457,-0.07025535340449486,-0.06715572212303941,28.336965549575645,27.9835,27.630034450424354,32.4953897683631,36.63037669303041,24.225415919028464
600900.SH,2025-12-24,27.71,27.71,27.55,27.64,27.72,-0.08,-0.2886,499942.8,1381469.831,39.70763179272651,-0.11626536733122705,-0.0794573561898413,-0.0736160222827715,28.35376955703626,27.968499999999995,27.583230442963732,29.623792183883886,34.294848523314904,20.28167950502184
600900.SH,2025-12-25,27.63,27.68,27.57,27.64,27.64,0.0,0.0,300805.76,831149.451,39.70763179272651,-0.1246806965865197,-0.08850202426917698,-0.07235734463468543,28.35332245082655,27.946000000000005,27.53867754917346,27.70939379423108,32.09969694695363,18.928787488785986
600900.SH,2025-12-26,27.61,27.67,27.52,27.64,27.64,0.0,0.0,482593.39,1332687.115,39.70763179272652,-0.12985304062885916,-0.09677222754111342,-0.06616162617549148,28.35814357798561,27.929000000000002,27.499856422014393,27.216098595061172,30.471830829656145,20.70463412587123
600900.SH,2025-12-29,27.64,27.64,27.5,27.52,27.64,-0.12,-0.4342,689033.36,1897569.339,36.574437244612945,-0.14199828977167073,-0.10581743998722488,-0.07236169956889169,28.361947151090487,27.9015,27.44105284890951,20.329858079767515,27.091173246359936,6.807227746582669
600900.SH,2025-12-30,27.5,27.5,27.32,27.32,27.52,-0.2,-0.7267,724247.0,1982353.612,32.03710964663796,-0.16585000018530494,-0.1178239520268409,-0.09605209631692807,28.35133101013479,27.854499999999994,27.3576689898652,13.553238719845012,22.578528404188297,-4.497340648841558
600900.SH,2025-12-31,27.35,27.37,27.17,27.19,27.32,-0.13,-0.4758,742930.24,2021839.64,29.477296994167716,-0.1930175795670941,-0.13286267753489156,-0.12030980406440506,28.34010902025154,27.8005,27.26089097974846,9.768093212497396,18.308383340291332,-7.312487043090478
600900.SH,2026-01-05,27.2,27.31,27.1,27.28,27.19,0.09,0.331,765691.31,2084118.017,33.44224381423092,-0.2049236023925225,-0.14727486250641775,-0.1152974797722095,28.298253944943177,27.752499999999998,27.20674605505682,14.406798983770202,17.007855221450956,9.204686508408692
600900.SH,2026-01-06,27.3,27.44,27.24,27.44,27.28,0.16,0.5865,738436.81,2020307.561,39.9102573175035,-0.19915283848204268,-0.15765045770154273,-0.0830047615609999,28.2623005780428,27.721000000000004,27.179699421957206,27.312865989180203,20.442858810694037,41.05288034615253
600900.SH,2026-01-07,27.44,27.45,27.22,27.23,27.44,-0.21,-0.7653,721701.95,1970227.485,35.09029873487228,-0.20911417344127514,-0.16794320084948924,-0.0823419451835718,28.267597214685747,27.689000000000004,27.11040278531426,25.31240246273211,22.066040028040064,31.8051273321162
600900.SH,2026-01-08,27.23,27.3,27.19,27.26,27.23,0.03,0.1102,470572.75,1282365.975,36.27432106497664,-0.21214240825615605,-0.1767830423308226,-0.0707187318506669,28.24645069467519,27.6535,27.060549305324813,26.070337274005347,23.400805776695158,31.40940026862573
600900.SH,2026-01-09,27.27,27.29,27.18,27.29,27.26,0.03,0.1101,629034.53,1713592.955,37.502045139612,-0.2097042172050685,-0.1833672773056718,-0.0526738797987934,28.22669412952609,27.6235,27.02030587047391,28.49133596044787,25.097649171279393,35.278709538784824
600900.SH,2026-01-12,27.29,27.45,27.22,27.4,27.29,0.11,0.4031,784355.54,2145881.938,41.92045141415748,-0.1966292331370667,-0.18601966847195078,-0.021219129330231845,28.200797294767575,27.6005,27.000202705232425,37.51274249215028,29.23601361156969,54.066200253311465
600900.SH,2026-01-13,27.45,27.57,27.32,27.36,27.4,-0.04,-0.146,785384.92,2154672.433,40.79112999107877,-0.18733539395971732,-0.1862828135695041,-0.0021051607804264405,28.13834005861044,27.5665,26.994659941389564,43.448211306823495,33.97341284332096,62.397808233828556
600900.SH,2026-01-14,27.45,27.54,26.8,26.81,27.36,-0.55,-2.0102,2927500.88,7941387.446,29.159145957179092,-0.22179366361894637,-0.19338498357939254,-0.05681736007910765,28.12496604321274,27.505000000000003,26.885033956787264,29.398374637449347,32.44840010803042,23.2983236962872
600900.SH,2026-01-15,26.98,27.01,26.77,26.82,26.81,0.01,0.0373,1259274.47,3382187.545,29.55249281482456,-0.24546559952155178,-0.20380110676782442,-0.08332898550745471,28.09842242241301,27.4475,26.796577577586994,21.682249758299594,28.85968332478681,7.327382625325164
600900.SH,2026-01-16,26.88,27.03,26.44,26.52,26.82,-0.3,-1.1186,2388546.3,6368509.096,25.057442324991584,-0.28514628321137536,-0.2200701420565346,-0.1301522823096815,28.110421335622416,27.377499999999998,26.64457866437758,16.814715178099387,24.844693942557672,0.7547576491828139
600900.SH,2026-01-19,26.61,26.92,26.6,26.8,26.52,0.28,1.0558,1047218.13,2803299.152,34.99557588442684,-0.29064942532492566,-0.23418599871021284,-0.11292685322942564,28.01081137800467,27.313500000000005,26.616188621995338,21.82927914528159,23.83955567679898,17.808726082246807
600900.SH,2026-01-20,26.8,26.94,26.73,26.88,26.8,0.08,0.2985,1050033.77,2822226.858,37.543974163806034,-0.2852669933589027,-0.24440219763995083,-0.08172959143790376,27.939763116328933,27.265000000000004,26.590236883671075,27.53220379596938,25.070438383189114,32.45573462152991
600900.SH,2026-01-21,26.89,26.9,26.55,26.58,26.88,-0.3,-1.1161,1163281.62,3105540.544,32.41239062440678,-0.3017307062817167,-0.255867899368304,-0.09172561382682543,27.943957611158368,27.216999999999995,26.490042388841623,22.484596040970658,24.20849093578296,19.03680625134605
600900.SH,2026-01-22,26.58,26.72,26.3,26.31,26.58,-0.27,-1.0158,1807849.66,4779737.327,28.62081016062801,-0.33272956163398604,-0.2712402318214404,-0.12297865962509125,27.938626385450178,27.146500000000003,26.35437361454983,15.252197885581438,21.22305991904912,3.3104738186460736
600900.SH,2026-01-23,26.36,26.42,25.96,26.0,26.31,-0.31,-1.1783,2106915.13,5502988.264,25.004177507671272,-0.37795396897113775,-0.2925829792513799,-0.17074197943951575,27.972580103121008,27.0645,26.15641989687899,10.996289273617423,17.814136370571887,-2.639404920291504
600900.SH,2026-01-26,26.05,26.28,25.86,25.98,26.0,-0.02,-0.0769,2028697.96,5283656.766,24.786561049807617,-0.41067447079971586,-0.3162012775610471,-0.18894638647733752,27.968153567954808,26.9815,25.994846432045193,9.71181189669735,15.113361545947043,-1.0912874018020347
600900.SH,2026-01-27,25.98,26.14,25.86,25.93,25.98,-0.05,-0.1925,1313814.83,3416663.13,24.219067061206374,-0.435618744644902,-0.3400847709778181,-0.19106794733416788,27.937242173155674,26.895999999999997,25.85475782684432,8.4688432587669,12.898522116886996,-0.3905144574732944
600900.SH,2026-01-28,25.93,25.94,25.61,25.65,25.93,-0.28,-1.0798,2326497.6,5985858.969,21.28071449129166,-0.472533845296887,-0.36657458584163194,-0.21191851891051017,27.93927058741908,26.8025,25.665729412580916,6.584862641994814,10.793968958589602,-1.833349991194762
600900.SH,2026-01-29,25.65,26.2,25.38,26.03,25.65,0.38,1.4815,2616230.32,6732321.039,33.1368597967582,-0.46575754130289226,-0.386411176933884,-0.15869272873801654,27.89730287582444,26.738,25.57869712417556,18.278797316885452,13.288911744688217,28.25856846127992
600900.SH,2026-01-30,26.04,26.57,26.04,26.36,26.03,0.33,1.2678,2238492.39,5906700.028,41.392164015861354,-0.42881590664887526,-0.3948921228768823,-0.06784756754398591,27.8470655360003,26.696499999999997,25.545934463999693,33.12603581809455,19.90128643582366,59.57553458263633
600900.SH,2026-02-02,26.49,26.55,26.09,26.14,26.36,-0.22,-0.8346,1242256.65,3267262.732,38.02183135840701,-0.4125360970863383,-0.3984209177187735,-0.02823035873512958,27.781271015848485,26.639500000000005,25.497728984151525,38.75069054539641,26.184421139014574,63.88322935816008
600900.SH,2026-02-03,26.2,26.23,25.91,26.0,26.14,-0.14,-0.5356,885438.15,2302972.625,36.01229672955467,-0.406248085638925,-0.39998635130280386,-0.0125234686722423,27.677907701323253,26.567500000000003,25.457092298676752,41.25667926907027,31.20850718236647,61.353023442477856
600900.SH,2026-02-04,25.97,26.39,25.95,26.38,26.0,0.38,1.4615,957051.81,2512165.683,44.57495756071227,-0.36637858281671853,-0.3932647976055868,0.053772429577736536,27.59289512593704,26.525,25.457104874062956,55.515657327839534,39.31089056419083,87.92519085513695
600900.SH,2026-02-05,26.42,26.69,26.35,26.6,26.38,0.22,0.834,1032447.5,2739767.94,48.84311181012423,-0.31341668080141005,-0.37729517424475145,0.1277569868866828,27.503566788907758,26.492,25.480433211092244,68.05369521601516,48.891825448132266,106.37743475178092
600900.SH,2026-02-06,26.6,26.77,26.38,26.52,26.6,-0.08,-0.3008,725626.8,1922388.504,47.41327646184561,-0.2747323794412537,-0.3567826152840519,0.16410047168559638,27.39324856659702,26.453500000000002,25.513751433402984,72.70725964041299,56.83030351222584,104.46117189678728
600900.SH,2026-02-09,26.53,26.57,26.28,26.46,26.52,-0.06,-0.2262,678291.25,1792121.462,46.31811161298802,-0.24607963758424845,-0.33464201974409125,0.1771247643196856,27.234287793808925,26.4065,25.578712206191078,74.37078700248159,62.677131342311085,97.7580983228226
600900.SH,2026-02-10,26.46,26.6,26.37,26.57,26.46,0.11,0.4157,559201.01,1483185.481,48.65946019542957,-0.21205165307993568,-0.3101239464112602,0.196144586662649,27.069060126380023,26.367,25.66493987361998,78.11769493211006,67.82398587224408,98.705113051842
600900.SH,2026-02-11,26.58,26.59,26.41,26.48,26.57,-0.09,-0.3387,533882.46,1412807.447,46.85867143773532,-0.19015449538476048,-0.28613005620596027,0.19195112164239958,27.02363797756642,26.3505,25.67736202243358,74.17148654388734,69.9398194294585,82.63482077274503
600900.SH,2026-02-12,26.27,26.3,26.05,26.12,26.27,-0.15,-0.571,737342.37,1925902.011,40.41564807853751,-0.19954954852518725,-0.2688139546698057,0.13852881228923686,26.957945164565654,26.315500000000004,25.673054835434353,57.58719257964586,65.82227714618762,41.11702344656234
600900.SH,2026-02-13,26.13,26.18,25.95,26.0,26.12,-0.12,-0.4594,715540.68,1863613.082,38.51461896035833,-0.2142089257887676,-0.25789294889359804,0.08736804620966088,26.939146867637856,26.289499999999997,25.639853132362138,41.87983381278716,57.8414627017208,9.956576034919891
600900.SH,2026-02-24,26.13,26.16,25.98,26.05,26.0,0.05,0.1923,730789.39,1903435.481,39.78552535546767,-0.21926446152759382,-0.2501672514203972,0.061805579785606746,26.86300779562612,26.252,25.640992204373877,31.984929858931338,49.22261842079098,-2.490447264787946
600900.SH,2026-02-25,26.08,26.2,25.95,25.97,26.05,-0.08,-0.3071,956209.54,2492461.852,38.41725264288981,-0.22710837743091972,-0.2455554766225017,0.03689419838316399,26.75269352652806,26.2065,25.660306473471937,22.136294702702177,40.193843848094716,-13.978803588082897
600900.SH,2026-02-26,25.98,26.09,25.93,26.04,25.97,0.07,0.2695,619771.69,1611605.301,40.35032619190052,-0.22508172034741492,-0.24146072536748436,0.032758010040138896,26.700772733948366,26.1795,25.658227266051636,19.122609166880796,33.170098954356746,-8.9723704080711
600900.SH,2026-02-27,26.05,26.18,26.02,26.04,26.04,0.0,0.0,919037.82,2396913.236,40.35032619190052,-0.22092884975096894,-0.2373543502441813,0.03285100098642474,26.68702732527605,26.165999999999997,25.644972674723945,18.22104292717422,28.18708027862924,-1.7110317757358189
600900.SH,2026-03-02,26.12,26.65,26.12,26.57,26.04,0.53,2.0353,1817728.88,4815661.932,53.23928086072967,-0.17287826623807234,-0.22445913344295954,0.10316173440977439,26.739118649776444,26.194499999999998,25.649881350223552,41.77699158107918,32.71705071277922,59.896873317679095
600900.SH,2026-03-03,26.57,27.1,26.53,26.97,26.57,0.4,1.5055,2145546.53,5763725.302,60.224692097770955,-0.10135284307283499,-0.19983787536893463,0.1969700645921993,26.878993576428428,26.244,25.60900642357157,57.480957350349016,40.97168625863581,90.49949953377543
600900.SH,2026-03-04,26.8,27.19,26.52,27.09,26.97,0.12,0.4449,1757354.43,4731660.303,62.05599387433031,-0.034586738392686556,-0.166787647973685,0.2644018191619969,27.022397551064028,26.302,25.58160244893597,69.00846892139666,50.31728047955609,106.39084580507779
600900.SH,2026-03-05,26.98,27.24,26.84,27.08,27.09,-0.01,-0.0369,1329148.71,3600687.805,61.800639809750976,0.01731931784837215,-0.12996625480927357,0.29457114531529144,27.10519665845902,26.3735,25.64180334154098,75.26773246159269,58.63409780690162,108.53500177097482
600900.SH,2026-03-06,27.06,27.15,26.98,27.14,27.08,0.06,0.2216,878369.24,2377351.285,62.79000047047738,0.0625754095717248,-0.09145792193307391,0.3080666630095974,27.217199814367216,26.429000000000002,25.640800185632788,80.96729237897533,66.07849599759285,110.74488514174027
600900.SH,2026-03-09,27.16,27.63,27.09,27.2,27.14,0.06,0.2211,2075027.99,5674816.795,63.799707346588704,0.10210567619746413,-0.0527452023069663,0.3097017570088609,27.33005455987509,26.470999999999997,25.611945440124902,78.8801557036306,70.34571589960544,95.94903531168094
600900.SH,2026-03-10,27.01,27.24,26.73,27.15,27.2,-0.05,-0.1838,1192857.15,3217091.405,62.282976750345156,0.1279244813749294,-0.016611265570587157,0.2890714938910331,27.41661598777981,26.521499999999996,25.626384012220182,76.50833909653804,72.3999236319163,84.72517002578152
600900.SH,2026-03-11,27.15,27.31,26.95,27.3,27.15,0.15,0.5525,897445.46,2439249.557,64.973245101515,0.1586608731079835,0.018443162165126974,0.280435421885713,27.510502164499673,26.5865,25.66249783550033,77.50659459437944,74.10214728607068,84.31548921099696
600900.SH,2026-03-12,27.32,27.5,27.16,27.5,27.3,0.2,0.7326,1078962.09,2951508.824,68.22737380975563,0.19688840653862982,0.054132211039827544,0.28551239099760456,27.64613287479461,26.642500000000002,25.638867125205394,82.13463922186004,76.77964459800046,92.84462846957922
600900.SH,2026-03-13,27.5,27.63,27.35,27.42,27.5,-0.08,-0.2909,942776.29,2590387.28,65.60196844372419,0.2182132443371323,0.0869484176992885,0.26252965327568756,27.745142719165898,26.6835,25.6218572808341,81.78345317493381,78.44758079031158,88.45519794417828
600900.SH,2026-03-16,27.42,27.5,27.24,27.36,27.42,-0.06,-0.2188,872037.87,2388063.54,63.62450670756976,0.2276476529332534,0.11508826474608148,0.22511877637434383,27.825671756925665,26.7255,25.625328243074335,79.74752734184779,78.8808963074903,81.48078941056275
600900.SH,2026-03-17,27.32,27.57,27.28,27.49,27.36,0.13,0.4751,850288.95,2338113.044,66.0148341457807,0.24281537872300518,0.14063368754146624,0.20436338236307788,27.9204223790193,26.776999999999997,25.633577620980695,81.31316637604664,79.69165299700907,84.55619313412177
600900.SH,2026-03-18,27.48,27.65,27.24,27.29,27.49,-0.2,-0.7275,800289.92,2191462.951,59.533273415204334,0.23597738179220684,0.15970242639161436,0.15254991080118496,27.97418088712811,26.813,25.651819112871888,74.49863265649485,77.96064621683766,67.57460553580921
600900.SH,2026-03-19,27.27,27.48,27.2,27.26,27.29,-0.03,-0.1099,1015257.81,2777309.817,58.60379408945195,0.22553761346416934,0.1728694638061254,0.1053362993160879,28.01847196370307,26.851999999999997,25.685528036296922,68.86865365505462,74.92998202957665,56.74599690601053
600900.SH,2026-03-20,27.26,27.39,27.02,27.18,27.26,-0.08,-0.2935,845555.09,2299198.422,56.08895204222396,0.2084063121990276,0.17997683348470583,0.05685895742864355,28.026906272471354,26.905,25.783093727528648,62.21678359612338,70.69224921842556,45.265852351519015
600900.SH,2026-03-23,27.07,27.26,26.66,26.74,27.18,-0.44,-1.6188,1757271.3,4727621.378,44.72180087226616,0.15750963670982543,0.17548339412972974,-0.035947514839808625,27.98421626203113,26.942,25.89978373796887,44.17145842435156,61.851985620400896,8.810404032252904
600900.SH,2026-03-24,26.9,27.13,26.72,27.1,26.74,0.36,1.3463,910767.18,2455035.706,53.09723395471256,0.14455629110763013,0.16929797352530984,-0.04948336483535942,27.949673723521162,26.9945,26.039326276478835,44.262453764382585,55.988808335061464,20.809744623024812
600900.SH,2026-03-25,27.15,27.27,26.92,27.21,27.1,0.11,0.4059,860545.05,2335396.506,55.324624961415594,0.14153522214741798,0.16374542324973146,-0.04442040220462695,27.884135185332287,27.0565,26.228864814667713,48.026821028106966,53.33481256607663,37.410837952167654
600900.SH,2026-03-26,27.19,27.45,27.1,27.31,27.21,0.1,0.3675,845013.7,2305295.042,57.30944792374553,0.14553255874955795,0.1601028503496968,-0.02914058320027768,27.80117545463705,27.119999999999997,26.438824545362944,53.90340257092652,53.52434256769326,54.66152257739303
600900.SH,2026-03-27,27.28,27.4,27.18,27.25,27.31,-0.06,-0.2197,685517.22,1869448.582,55.71016984329199,0.1422195596914122,0.15652619221803987,-0.028613265053255343,27.635019989717303,27.180500000000002,26.7259800102827,55.800921579270906,54.28320223821915,58.83636026137444
600900.SH,2026-03-30,27.25,27.25,27.01,27.14,27.25,-0.11,-0.4037,692780.6,1880990.759,52.80101937037984,0.129228240660769,0.15106660190658572,-0.04367672249163346,27.562621861672344,27.209000000000003,26.855378138327662,53.36223054779681,53.97621167474504,52.13426829390038
600900.SH,2026-03-31,27.14,27.33,27.04,27.04,27.14,-0.1,-0.3685,802588.84,2181329.248,50.23291830827007,0.10959996232438485,0.14277327399014555,-0.06634662333152141,27.557440879755205,27.2125,26.867559120244792,51.021974836742544,52.991466062077535,47.08299238607256
600900.SH,2026-04-01,27.12,27.12,26.84,26.88,27.04,-0.16,-0.5917,906081.71,2440214.452,46.34863071488011,0.08020914639332588,0.13026044847078164,-0.10010260415491151,27.574338272910083,27.201999999999998,26.829661727089913,43.29735031310259,49.760094145752554,30.371862647802672
600900.SH,2026-04-02,26.9,27.02,26.76,27.01,26.88,0.13,0.4836,739848.93,1988851.813,49.74863074720807,0.06663845987875305,0.11753605075237593,-0.10179518174724575,27.57693305741881,27.198499999999996,26.82006694258118,43.63283269818661,47.71767366323057,35.4631507680987
600900.SH,2026-04-03,27.0,27.0,26.66,26.7,27.01,-0.31,-1.1477,656276.8,1757122.436,42.785593804166375,0.030517398251909356,0.10013232025228262,-0.13922984400074653,27.615555205736356,27.176499999999997,26.737444794263638,30.776318845204546,42.07055539055523,8.187845754503186
600900.SH,2026-04-07,26.71,26.75,26.4,26.48,26.7,-0.22,-0.824,726271.79,1926064.162,38.651076344160465,-0.015680212974274355,0.07696981360697124,-0.18530005316249118,27.678389638455595,27.140500000000003,26.60261036154441,23.057228436485627,35.7327797391987,-2.293874168940519
600900.SH,2026-04-08,26.52,26.58,26.39,26.58,26.48,0.1,0.3776,806199.77,2138241.99,41.42199542147018,-0.04371902276145789,0.05283204633328541,-0.1931021381894866,27.70531716910763,27.112000000000002,26.518682830892374,21.346328391619284,30.937295956672227,2.1643932615134034
600900.SH,2026-04-09,26.58,26.58,26.31,26.39,26.58,-0.19,-0.7148,691284.54,1824031.017,37.917726188934566,-0.08034522390228815,0.0261965922861707,-0.21308363237691771,27.734041443617826,27.066499999999998,26.39895855638217,16.67736877484105,26.183986896061835,-2.335867467600522
600900.SH,2026-04-10,26.47,26.5,26.32,26.4,26.39,0.01,0.0379,665589.04,1756489.575,38.21399616248206,-0.10732762965191256,-0.000508252101445953,-0.21363875510093322,27.70923392606277,27.0115,26.313766073937234,14.059422320482266,22.14246537086865,-2.1066637802905035
600900.SH,2026-04-13,26.39,26.43,26.24,26.42,26.4,0.02,0.0758,626263.92,1648289.578,38.84260958291366,-0.12564914265059812,-0.025536430211276388,-0.20022542487864348,27.679018384140065,26.9615,26.243981615859937,14.877535369618247,19.720822037118516,5.190962034617712
600900.SH,2026-04-14,26.42,26.5,26.32,26.42,26.42,0.0,0.0,701165.97,1848972.432,38.84260958291366,-0.13857170534016205,-0.04814348523705353,-0.18085644020621705,27.645137068807635,26.914499999999997,26.18386293119236,16.736538731260755,18.72606093516593,12.757494323450409
600900.SH,2026-04-15,26.41,26.67,26.36,26.55,26.42,0.13,0.4921,970565.86,2576891.492,43.19905079916446,-0.13674668516429023,-0.06586412522250087,-0.1417651198835787,27.562319173749948,26.8675,26.17268082625005,24.405555735370495,20.61922586856745,31.97821546897658
600900.SH,2026-04-16,26.56,26.7,26.52,26.55,26.55,0.0,0.0,719585.95,1912488.03,43.19905079916447,-0.13375845926963947,-0.07944299203192859,-0.10863093447542177,27.50921317870468,26.8305,26.15178682129532,29.866861718317246,23.701771151817383,42.19704285131698
600900.SH,2026-04-17,26.55,26.58,26.38,26.38,26.55,-0.17,-0.6403,836066.71,2214978.373,38.98713946767576,-0.1434541972807324,-0.09224523308168935,-0.10241792839808608,27.46206681854265,26.7865,26.11093318145735,29.06156794293046,25.48837008218841,36.207963664414564
600900.SH,2026-04-20,26.41,26.84,26.41,26.84,26.38,0.46,1.7437,950417.99,2538195.456,52.486558968309524,-0.11272061085317375,-0.09634030863598624,-0.032760604434375035,27.420021248489928,26.7695,26.118978751510074,52.707711961953635,34.56148404211015,89.0001678016406
600900.SH,2026-04-21,26.86,27.15,26.85,27.13,26.84,0.29,1.0805,904432.49,2446267.987,58.691752442964344,-0.06422312164806954,-0.0899168712384029,0.051387499180666735,27.458890800213418,26.788999999999998,26.11910919978658,67.73920724203504,45.62072510875178,111.97617150860155
600900.SH,2026-04-22,27.13,27.13,26.82,26.86,27.13,-0.27,-0.9952,741609.24,1997674.385,51.89619885377832,-0.047033087408767216,-0.08134011447247577,0.06861405412741711,27.431863585634076,26.776999999999997,26.12213641436592,67.87009420531277,53.0371814742721,97.5359196673941
600900.SH,2026-04-23,26.86,27.01,26.66,26.95,26.86,0.09,0.3351,845908.0,2270225.989,53.81577291648834,-0.025849635085563705,-0.07024201859509337,0.08878476701905932,27.392461781277404,26.764,26.135538218722594,71.25405547753454,59.109472808692914,95.54322081521778
600900.SH,2026-04-24,26.91,26.95,26.75,26.81,26.95,-0.14,-0.5195,564464.4,1514495.496,50.44365877529017,-0.020126421611994516,-0.0602188991984736,0.08018495517295816,27.313470923637844,26.738999999999997,26.16452907636215,67.18141851112742,61.80012137617108,77.9440127810401
600900.SH,2026-04-27,26.8,26.85,26.62,26.66,26.81,-0.15,-0.5595,562598.68,1504214.891,47.04247021493884,-0.027378873487549527,-0.05365089405628879,0.05254404113747853,27.231700808320507,26.709500000000002,26.187299191679497,57.44584018885292,60.348694313731684,51.6401319390954
600900.SH,2026-04-28,26.68,26.78,26.61,26.73,26.66,0.07,0.2626,700607.77,1869479.612,48.77815482952308,-0.02716493836455669,-0.04835370291794237,0.04237752910677137,27.1706594123172,26.689,26.2073405876828,53.448741944083835,58.048710190515735,44.24880545122002
600900.SH,2026-04-29,26.71,26.8,26.6,26.77,26.73,0.04,0.1496,855961.19,2284682.165,49.79083596511564,-0.02349687023839664,-0.04338233638203323,0.039770932287273186,27.13011261704776,26.6755,26.220887382952238,52.51561151250614,56.20434396451254,45.13814660849333
600900.SH,2026-04-30,27.09,27.42,26.94,27.32,26.77,0.55,2.0545,1914637.37,5218424.711,61.161125394246405,0.023519386786244212,-0.03000199174837774,0.1070427570692439,27.22973955825219,26.6975,26.16526044174781,65.04341097533408,59.15069963478639,76.82883365642945
600900.SH,2026-05-06,27.34,27.34,27.04,27.2,27.32,-0.12,-0.4392,1237749.54,3359761.259,58.071169087237294,0.05051480882222492,-0.013898631634257209,0.12882688091296426,27.268692929783246,26.707,26.145307070216756,67.75251788599498,62.01797238518925,79.22160888760644
600900.SH,2026-05-07,27.18,27.2,26.9,27.05,27.2,-0.15,-0.5515,973283.07,2633218.235,54.37325434592415,0.05912358894931202,0.0007058124824566372,0.11683555293371077,27.306709041857914,26.7245,26.142290958142084,63.46102818415922,62.4989909848459,65.38510258278586
600900.SH,2026-05-08,27.06,27.16,26.98,27.0,27.05,-0.05,-0.1848,804423.1,2173718.079,53.15810613134189,0.06120598262210564,0.012805846510386437,0.0968002722234384,27.33317893118094,26.7505,26.16782106881906,58.56751472439877,61.18849889803019,53.325546377135936
600900.SH,2026-05-11,27.05,27.2,26.95,27.01,27.0,0.01,0.037,1030952.75,2787957.982,53.38249825087605,0.06293770435865653,0.022832218080040455,0.08021097255723215,27.359899024627484,26.772,26.184100975372512,55.71167648293252,59.36289142633097,48.40924659613562
600900.SH,2026-05-12,27.01,27.17,26.91,27.04,27.01,0.03,0.1111,1011762.33,2738732.723,54.092988488240096,0.06597039000001459,0.03145985246403528,0.06902107507195862,27.37509433465194,26.8045,26.23390566534806,55.02729651707686,57.917693123246266,49.24650330473804
600900.SH,2026-05-13,27.08,27.29,26.97,27.0,27.04,-0.04,-0.1479,1396919.41,3785965.443,52.934553168220006,0.06440374325179121,0.03804863062158647,0.052710225260409485,27.37799647749795,26.834500000000002,26.291003522502056,52.945026946343866,56.26013773094547,46.31480537714066
600900.SH,2026-05-14,26.98,27.08,26.85,26.94,27.0,-0.06,-0.2222,1102942.32,2971318.672,51.16454262458915,0.05765604288492909,0.041970113074254994,0.0313718596213482,27.369140085760204,26.860500000000002,26.3518599142398,49.11782284227802,53.87936610138965,39.594736324054736
600900.SH,2026-05-15,26.9,27.15,26.72,27.03,26.94,0.09,0.3341,1187554.88,3202012.497,53.667198326431084,0.05889182131106452,0.0453544547216169,0.027074733178895236,27.360037087524773,26.891,26.421962912475223,47.50711999009016,51.75528406428982,39.010791841690846
600900.SH,2026-05-18,27.04,27.18,26.81,26.89,27.03,-0.14,-0.5179,915897.69,2465321.894,49.42417440696754,0.04802080074679793,0.04588772392665311,0.004266153640289649,27.348793542793512,26.907999999999998,26.467206457206483,40.81119827296341,48.10725546718102,26.21908388452819
600900.SH,2026-05-19,26.89,27.35,26.77,27.25,26.89,0.36,1.3388,1725645.85,4692289.634,58.50836527629508,0.06767432251842465,0.05024504364500741,0.03485855774683447,27.375184171268184,26.943,26.51081582873182,55.24979355763692,50.488101497332984,64.7731776782448
600900.SH,2026-05-20,27.25,27.28,26.87,26.9,27.25,-0.35,-1.2844,1284344.36,3473080.686,49.247031181655025,0.05438093561564017,0.05107222203913396,0.006617427153012417,27.311922424862697,26.969,26.626077575137305,46.35700522890075,49.11106940785558,40.84887687099109
600900.SH,2026-05-21,26.86,26.97,26.63,26.66,26.9,-0.24,-0.8922,1166100.37,3127663.67,44.09293545351323,0.02420086398963761,0.04569795042923469,-0.04299417287919416,27.32585875905734,26.96,26.594141240942662,32.293559041489445,43.50523261906687,9.870211886334602
600900.SH,2026-05-22,26.73,26.76,26.5,26.56,26.66,-0.1,-0.3751,915888.15,2436330.692,42.11512807212588,-0.007697492571931974,0.03501886182900136,-0.08543270880186667,27.32903318299103,26.9315,26.53396681700897,23.881980537463498,36.964148591865744,-2.282355571341
600900.SH,2026-05-25,26.6,26.83,26.55,26.67,26.56,0.11,0.4142,841543.93,2245695.731,45.03573284852842,-0.023826432982595236,0.023249802866682042,-0.09415247169855456,27.335488369339426,26.921999999999997,26.508511630660568,22.58798702497572,32.172094736235735,3.419771602455697
600900.SH,2026-05-26,26.66,27.15,26.59,27.14,26.67,0.47,1.7623,1626529.81,4397744.505,55.39213697443309,0.0013013365871969995,0.018860109610785034,-0.03511754604717607,27.356273623921,26.9315,26.506726376079,40.15669723233673,34.83362890160274,50.80283389380472
600900.SH,2026-05-27,27.06,27.33,27.01,27.24,27.14,0.1,0.3685,1112715.4,3026248.64,57.23830116640876,0.028950713468521627,0.020878230382332354,0.016144966172378546,27.39505739089187,26.952999999999996,26.51094260910812,55.79073933136163,41.81933237818903,83.73355323770681
600900.SH,2026-05-28,27.25,27.37,27.11,27.22,27.24,-0.02,-0.0734,1146573.18,3124821.006,56.7325857858973,0.04868796642717754,0.026440177591301392,0.0444955776717523,27.41579698832059,26.981,26.546203011679413,64.7800331174594,49.47289929127915,95.39430076981989
600900.SH,2026-05-29,27.2,27.76,27.08,27.75,27.22,0.53,1.9471,2134370.57,5888377.325,65.44535835126916,0.1058759798115787,0.042327338035356855,0.1270972835524437,27.569894530847638,27.032,26.494105469152363,76.25547181375595,58.40042346543808,111.96556851039168
600900.SH,2026-06-01,27.74,27.87,27.55,27.77,27.75,0.02,0.0721,1392780.66,3861503.134,65.7258378308729,0.15107028112628385,0.06407592665354225,0.17398870894548318,27.697641727664806,27.082,26.466358272335196,81.73722451817304,66.17935714968307,112.85295925515297
600900.SH,2026-06-02,27.82,28.15,27.62,27.96,27.77,0.19,0.6842,1257574.46,3513868.172,68.35383043657058,0.19991401826884925,0.09124354497660367,0.21734094658449116,27.838616777120293,27.113999999999997,26.3893832228797,83.9864325070649,72.11504893547702,107.72919965024067
600900.SH,2026-06-03,27.85,27.98,27.51,27.89,27.96,-0.07,-0.2504,1143005.88,3168757.471,66.33576990786702,0.23031963548004697,0.11905876307729234,0.22252174480550926,27.95178994568717,27.148500000000002,26.345210054312833,84.07176308551806,76.10062031882403,100.01404861890612
600900.SH,2026-06-04,27.83,27.96,27.61,27.72,27.89,-0.17,-0.6095,874972.29,2430916.403,61.58075477203962,0.23795572149474253,0.14283815476078238,0.19023513346792031,28.02299189557393,27.182,26.341008104426066,80.42284205701203,77.54136089822003,86.18580437459605
600900.SH,2026-06-05,27.72,28.1,27.51,27.61,27.72,-0.11,-0.3968,1094135.63,3042122.314,58.651149522102564,0.2324517350789641,0.16076087082441873,0.14338172850909076,28.069787644412965,27.2125,26.35521235558703,75.41009983287982,76.83094054310664,72.56841841242618
600900.SH,2026-06-08,27.5,27.61,27.26,27.51,27.61,-0.1,-0.3622,1180654.67,3238081.015,56.041019607742186,0.21751326441043517,0.17211134954162202,0.0908038297376263,28.099074446183128,27.2375,26.375925553816874,64.89328292952226,72.8517213385785,48.97640611140977
600900.SH,2026-06-09,27.51,27.7,27.39,27.63,27.51,0.12,0.4362,882535.97,2433424.842,58.43165975874161,0.2129032003321214,0.18026971969972191,0.06526696126479897,28.140422789043782,27.267000000000003,26.393577210956224,60.39614500597436,68.69986256104379,43.788709895835524
600900.SH,2026-06-10,27.6,27.82,27.43,27.69,27.63,0.06,0.2172,887500.11,2457850.309,59.61429007538301,0.2116514042555835,0.18654605661089424,0.05021069528937849,28.18496864240063,27.301499999999997,26.418031357599364,59.267211935447165,65.55564568584491,46.69034443465168
600900.SH,2026-06-11,27.69,27.95,27.6,27.89,27.69,0.2,0.7223,991250.1,2759358.768,63.356645069463134,0.2242130864833065,0.1940794625853767,0.060267247795859624,28.25255787977595,27.349,26.44544212022405,63.106980241609016,64.73942387109962,59.842092982627804
600900.SH,2026-06-12,27.77,28.29,27.67,28.28,27.89,0.39,1.3984,1494245.23,4191923.9,69.3257648905153,0.2626108365308575,0.20778573737447287,0.10965019831276923,28.391817349261498,27.4115,26.431182650738503,75.08102889893681,68.18662554704534,88.86983560271975
600900.SH,2026-06-15,28.24,28.24,27.39,27.57,28.28,-0.71,-2.5106,2076611.58,5743667.948,52.5446152832416,0.23306365110907024,0.21284132012139237,0.040444661975355733,28.396388227423476,27.4455,26.494611772576523,60.08638172550478,65.48654427319849,49.28605663011734
600900.SH,2026-06-16,27.41,27.45,27.14,27.19,27.57,-0.38,-1.3783,1205992.99,3287063.796,46.11117648908248,0.17694476052380637,0.2056620082018752,-0.05743449535613765,28.39635919737715,27.442500000000003,26.488640802622854,41.50686317932205,57.49331724190635,9.533955054153466
600900.SH,2026-06-17,27.22,27.27,26.91,27.0,27.19,-0.19,-0.6988,1034441.5,2794894.312,43.25918652410868,0.11580380909063592,0.18769036837962735,-0.14377311857798286,28.39037075633823,27.4475,26.504629243661775,29.8451551630263,48.277263215613,-7.019060942147107
600900.SH,2026-06-18,26.93,26.98,26.65,26.66,27.0,-0.34,-1.2593,1295944.98,3466900.701,38.652114072572665,0.03945914561347408,0.1580441238263967,-0.23716995642584526,28.390370756338225,27.447499999999998,26.50462924366177,20.10002214120456,38.88484952414352,-17.469632624673366
600900.SH,2026-06-22,26.66,27.09,26.51,26.94,26.66,0.28,1.0503,1497328.67,4009564.149,43.94647361446123,0.001531456044602919,0.12674159027003795,-0.25042026845087006,28.347343495269065,27.466500000000003,26.58565650473094,21.452449217731882,33.07404942200631,-1.7907511908169766
600900.SH,2026-06-23,26.93,27.25,26.86,26.87,26.94,-0.07,-0.2598,1185654.7,3206812.85,42.94857306661547,-0.033785468330378876,0.0946361785499546,-0.25684329376066695,28.323147257686042,27.476500000000005,26.629852742313968,21.04320584552912,29.06376822984725,5.002081076892864
600900.SH,2026-06-24,26.87,27.0,26.56,26.6,26.87,-0.27,-1.0048,1134560.72,3026880.697,39.24673692683635,-0.08260886528137235,0.05918716978368921,-0.2835920701301231,28.37234400232732,27.4495,26.52665599767268,15.714197155446382,24.61391120504696,-2.0852309437547802
600900.SH,2026-06-25,26.5,26.58,26.2,26.22,26.6,-0.38,-1.4286,1321875.74,3482768.792,34.71199531618808,-0.15023279320273275,0.01730317718640482,-0.3350719407782751,28.47073868120565,27.398500000000002,26.326261318794355,10.795110703311936,20.00764437113529,-7.629956632334768
600900.SH,2026-06-26,26.25,26.72,26.15,26.65,26.22,0.43,1.64,1282651.88,3395741.671,42.77024013690734,-0.16720045418724183,-0.019597549088324506,-0.29520581019783465,28.491390114756513,27.369999999999997,26.248609885243482,15.171222127566807,18.39550362327913,8.722659136142163
600900.SH,2026-06-29,26.55,26.9,26.26,26.84,26.65,0.19,0.7129,1232579.06,3286300.313,45.945012987979396,-0.16343209223279942,-0.04836445771721949,-0.23013526903115986,28.454781287765858,27.3245,26.194218712234143,27.806455777352248,21.532487674636833,40.35439198278307
600900.SH,2026-06-30,26.71,26.84,26.38,26.47,26.84,-0.37,-1.3785,1022776.53,2712032.641,41.15688216259084,-0.18813286742823365,-0.07631813965942233,-0.22362945553762265,28.43068877978519,27.259500000000003,26.088311220214816,28.061446708711024,23.708807352661562,36.76672542080994
600900.SH,2026-07-01,26.44,26.72,26.36,26.64,26.47,0.17,0.6422,909397.56,2417436.712,44.04236731083694,-0.19178010876450813,-0.09941053348043949,-0.18473915056813728,28.347117194557597,27.1935,26.039882805442403,33.556115987625574,26.991243564316232,46.68586083424426
600900.SH,2026-07-02,26.79,27.09,26.55,26.95,26.64,0.31,1.1637,1400553.04,3761292.696,48.95767874277523,-0.16772276099361605,-0.1130729789830748,-0.10929956402108248,28.256403267477808,27.146500000000003,26.0365967325222,46.61316823417461,33.53188512093569,72.77573446065243
600900.SH,2026-07-03,26.96,27.23,26.81,27.05,26.95,0.1,0.3711,1028243.27,2779267.352,50.46911820097764,-0.13898583312760238,-0.11825554981198033,-0.04146056663124409,28.189976273989757,27.113,26.036023726010242,58.348172762177036,41.80398100134947,91.43655628383218
